chart,indicator,value,value_lower,value_upper,value_comment,sex,age,year,source_database,notes
"Progress towards 95-95-95","Percent of people living with HIV who know their status","95.12203530228027","90.18246174527837","100",,,"all ages","2024","Spectrum estimates 2025 (UNAIDS/WHO)",
"Progress towards 95-95-95","Percent of people who know their status who are on ART","100","94.80711956904715","100",,,"all ages","2024","Spectrum estimates 2025 (UNAIDS/WHO)",
"Progress towards 95-95-95","Percent of people on ART who achieve viral suppression","96.10123567882378","91.11081341752133","100",,,"all ages","2024","Spectrum estimates 2025 (UNAIDS/WHO)",
"PLHIV by diagnosis and treatment status","PLHIV know status on ART","776530",,,,,"15+","2015","Spectrum estimates 2025 (UNAIDS/WHO)",
"PLHIV by diagnosis and treatment status","PLHIV know status on ART","854598",,,,,"15+","2016","Spectrum estimates 2025 (UNAIDS/WHO)",
"PLHIV by diagnosis and treatment status","PLHIV know status on ART","978162",,,,,"15+","2017","Spectrum estimates 2025 (UNAIDS/WHO)",
"PLHIV by diagnosis and treatment status","PLHIV know status on ART","1031984",,,,,"15+","2018","Spectrum estimates 2025 (UNAIDS/WHO)",
"PLHIV by diagnosis and treatment status","PLHIV know status on ART","1088482",,,,,"15+","2019","Spectrum estimates 2025 (UNAIDS/WHO)",
"PLHIV by diagnosis and treatment status","PLHIV know status on ART","1117496",,,,,"15+","2020","Spectrum estimates 2025 (UNAIDS/WHO)",
"PLHIV by diagnosis and treatment status","PLHIV know status on ART","1136246",,,,,"15+","2021","Spectrum estimates 2025 (UNAIDS/WHO)",
"PLHIV by diagnosis and treatment status","PLHIV know status on ART","1182126",,,,,"15+","2022","Spectrum estimates 2025 (UNAIDS/WHO)",
"PLHIV by diagnosis and treatment status","PLHIV know status on ART","1189793",,,,,"15+","2023","Spectrum estimates 2025 (UNAIDS/WHO)",
"PLHIV by diagnosis and treatment status","PLHIV know status on ART","1192466",,,,,"15+","2024","Spectrum estimates 2025 (UNAIDS/WHO)",
"PLHIV by diagnosis and treatment status","PLHIV know status not on ART","258613.79000000004",,,,,"15+","2015","(calculated)","based on People living with HIV who know their status and PLHIV know status on ART indicator values"
"PLHIV by diagnosis and treatment status","PLHIV know status not on ART","209131.65999999992",,,,,"15+","2016","(calculated)","based on People living with HIV who know their status and PLHIV know status on ART indicator values"
"PLHIV by diagnosis and treatment status","PLHIV know status not on ART","90929.67999999993",,,,,"15+","2017","(calculated)","based on People living with HIV who know their status and PLHIV know status on ART indicator values"
"PLHIV by diagnosis and treatment status","PLHIV know status not on ART","46155.21999999997",,,,,"15+","2018","(calculated)","based on People living with HIV who know their status and PLHIV know status on ART indicator values"
"PLHIV by diagnosis and treatment status","PLHIV know status not on ART","8839.800000000047",,,,,"15+","2019","(calculated)","based on People living with HIV who know their status and PLHIV know status on ART indicator values"
"PLHIV by diagnosis and treatment status","PLHIV know status not on ART",,,,,,"15+","2020","(calculated)","based on People living with HIV who know their status and PLHIV know status on ART indicator values"
"PLHIV by diagnosis and treatment status","PLHIV know status not on ART",,,,,,"15+","2021","(calculated)","based on People living with HIV who know their status and PLHIV know status on ART indicator values"
"PLHIV by diagnosis and treatment status","PLHIV know status not on ART",,,,,,"15+","2022","(calculated)","based on People living with HIV who know their status and PLHIV know status on ART indicator values"
"PLHIV by diagnosis and treatment status","PLHIV know status not on ART",,,,,,"15+","2023","(calculated)","based on People living with HIV who know their status and PLHIV know status on ART indicator values"
"PLHIV by diagnosis and treatment status","PLHIV know status not on ART",,,,,,"15+","2024","(calculated)","based on People living with HIV who know their status and PLHIV know status on ART indicator values"
"PLHIV by diagnosis and treatment status","Undiagnosed PLHIV","210768.06599999988",,,,,"15+","2015","(calculated)","based on People living with HIV - adults (aged 15+) and People living with HIV who know their status indicator values"
"PLHIV by diagnosis and treatment status","Undiagnosed PLHIV","190813.56200000015",,,,,"15+","2016","(calculated)","based on People living with HIV - adults (aged 15+) and People living with HIV who know their status indicator values"
"PLHIV by diagnosis and treatment status","Undiagnosed PLHIV","187687.42800000007",,,,,"15+","2017","(calculated)","based on People living with HIV - adults (aged 15+) and People living with HIV who know their status indicator values"
"PLHIV by diagnosis and treatment status","Undiagnosed PLHIV","177027.52000000002",,,,,"15+","2018","(calculated)","based on People living with HIV - adults (aged 15+) and People living with HIV who know their status indicator values"
"PLHIV by diagnosis and treatment status","Undiagnosed PLHIV","154869.14899999998",,,,,"15+","2019","(calculated)","based on People living with HIV - adults (aged 15+) and People living with HIV who know their status indicator values"
"PLHIV by diagnosis and treatment status","Undiagnosed PLHIV","129477.7919999999",,,,,"15+","2020","(calculated)","based on People living with HIV - adults (aged 15+) and People living with HIV who know their status indicator values"
"PLHIV by diagnosis and treatment status","Undiagnosed PLHIV","109490.74699999997",,,,,"15+","2021","(calculated)","based on People living with HIV - adults (aged 15+) and People living with HIV who know their status indicator values"
"PLHIV by diagnosis and treatment status","Undiagnosed PLHIV","58752.11800000002",,,,,"15+","2022","(calculated)","based on People living with HIV - adults (aged 15+) and People living with HIV who know their status indicator values"
"PLHIV by diagnosis and treatment status","Undiagnosed PLHIV","45874.27799999993",,,,,"15+","2023","(calculated)","based on People living with HIV - adults (aged 15+) and People living with HIV who know their status indicator values"
"PLHIV by diagnosis and treatment status","Undiagnosed PLHIV","39360.52200000011",,,,,"15+","2024","(calculated)","based on People living with HIV - adults (aged 15+) and People living with HIV who know their status indicator values"
"PLHIV by diagnosis and treatment status","People living with HIV who know their status","1035143.79",,,,,"15+","2015","Spectrum estimates 2025 (UNAIDS/WHO)",
"PLHIV by diagnosis and treatment status","People living with HIV who know their status","1063729.66",,,,,"15+","2016","Spectrum estimates 2025 (UNAIDS/WHO)",
"PLHIV by diagnosis and treatment status","People living with HIV who know their status","1069091.68",,,,,"15+","2017","Spectrum estimates 2025 (UNAIDS/WHO)",
"PLHIV by diagnosis and treatment status","People living with HIV who know their status","1078139.22",,,,,"15+","2018","Spectrum estimates 2025 (UNAIDS/WHO)",
"PLHIV by diagnosis and treatment status","People living with HIV who know their status","1097321.8",,,,,"15+","2019","Spectrum estimates 2025 (UNAIDS/WHO)",
"PLHIV by diagnosis and treatment status","People living with HIV who know their status","1117496",,,,,"15+","2020","Spectrum estimates 2025 (UNAIDS/WHO)",
"PLHIV by diagnosis and treatment status","People living with HIV who know their status","1136246",,,,,"15+","2021","Spectrum estimates 2025 (UNAIDS/WHO)",
"PLHIV by diagnosis and treatment status","People living with HIV who know their status","1182126",,,,,"15+","2022","Spectrum estimates 2025 (UNAIDS/WHO)",
"PLHIV by diagnosis and treatment status","People living with HIV who know their status","1189793",,,,,"15+","2023","Spectrum estimates 2025 (UNAIDS/WHO)",
"PLHIV by diagnosis and treatment status","People living with HIV who know their status","1192466",,,,,"15+","2024","Spectrum estimates 2025 (UNAIDS/WHO)",
"PLHIV by diagnosis and treatment status","People living with HIV - adults (aged 15+)","1245911.856","1179674.325","1417199.402",,,"15+","2015","Spectrum estimates 2025 (UNAIDS/WHO)",
"PLHIV by diagnosis and treatment status","People living with HIV - adults (aged 15+)","1254543.222","1186946.111","1434446.264",,,"15+","2016","Spectrum estimates 2025 (UNAIDS/WHO)",
"PLHIV by diagnosis and treatment status","People living with HIV - adults (aged 15+)","1256779.108","1188192.393","1442239.549",,,"15+","2017","Spectrum estimates 2025 (UNAIDS/WHO)",
"PLHIV by diagnosis and treatment status","People living with HIV - adults (aged 15+)","1255166.74","1185089.625","1442665.31",,,"15+","2018","Spectrum estimates 2025 (UNAIDS/WHO)",
"PLHIV by diagnosis and treatment status","People living with HIV - adults (aged 15+)","1252190.949","1184174.475","1439785.678",,,"15+","2019","Spectrum estimates 2025 (UNAIDS/WHO)",
"PLHIV by diagnosis and treatment status","People living with HIV - adults (aged 15+)","1246973.792","1178621.168","1434184.487",,,"15+","2020","Spectrum estimates 2025 (UNAIDS/WHO)",
"PLHIV by diagnosis and treatment status","People living with HIV - adults (aged 15+)","1245736.747","1176900.771","1434161.013",,,"15+","2021","Spectrum estimates 2025 (UNAIDS/WHO)",
"PLHIV by diagnosis and treatment status","People living with HIV - adults (aged 15+)","1240878.118","1171818.578","1430577.661",,,"15+","2022","Spectrum estimates 2025 (UNAIDS/WHO)",
"PLHIV by diagnosis and treatment status","People living with HIV - adults (aged 15+)","1235667.278","1166002.496","1426554.729",,,"15+","2023","Spectrum estimates 2025 (UNAIDS/WHO)",
"PLHIV by diagnosis and treatment status","People living with HIV - adults (aged 15+)","1231826.522","1161854.915","1423164.592",,,"15+","2024","Spectrum estimates 2025 (UNAIDS/WHO)",
"PLHIV who know status - by sex","Percent of people living with HIV who know their status","87.25277813176841","83.10688258742722","96.5294290811171",,"Females","15+","2015","Spectrum estimates 2025 (UNAIDS/WHO)",
"PLHIV who know status - by sex","Percent of people living with HIV who know their status","87.94651284257219","83.6685449374485","97.51723712721976",,"Females","15+","2016","Spectrum estimates 2025 (UNAIDS/WHO)",
"PLHIV who know status - by sex","Percent of people living with HIV who know their status","86.68799604176324","82.44034270255244","96.52614204643078",,"Females","15+","2017","Spectrum estimates 2025 (UNAIDS/WHO)",
"PLHIV who know status - by sex","Percent of people living with HIV who know their status","86.90988471337612","82.70579657261322","97.24531665080582",,"Females","15+","2018","Spectrum estimates 2025 (UNAIDS/WHO)",
"PLHIV who know status - by sex","Percent of people living with HIV who know their status","90.77709289266612","86.40443463567006","100",,"Females","15+","2019","Spectrum estimates 2025 (UNAIDS/WHO)",
"PLHIV who know status - by sex","Percent of people living with HIV who know their status","92.19884930910591","87.73690534028026","100",,"Females","15+","2020","Spectrum estimates 2025 (UNAIDS/WHO)",
"PLHIV who know status - by sex","Percent of people living with HIV who know their status","93.78090760493224","88.97591269671501","100",,"Females","15+","2021","Spectrum estimates 2025 (UNAIDS/WHO)",
"PLHIV who know status - by sex","Percent of people living with HIV who know their status","95","93.14287565184155","100",,"Females","15+","2022","Spectrum estimates 2025 (UNAIDS/WHO)",
"PLHIV who know status - by sex","Percent of people living with HIV who know their status","95","95.66618546149934","100",,"Females","15+","2023","Spectrum estimates 2025 (UNAIDS/WHO)",
"PLHIV who know status - by sex","Percent of people living with HIV who know their status","95","96.45517377933042","100",,"Females","15+","2024","Spectrum estimates 2025 (UNAIDS/WHO)",
"PLHIV who know status - by sex","Percent of people living with HIV who know their status","77.15997229049539","72.1346225958798","90.92875340443283",,"Males","15+","2015","Spectrum estimates 2025 (UNAIDS/WHO)",
"PLHIV who know status - by sex","Percent of people living with HIV who know their status","80.26380072508249","74.88720832099301","94.41090035793289",,"Males","15+","2016","Spectrum estimates 2025 (UNAIDS/WHO)",
"PLHIV who know status - by sex","Percent of people living with HIV who know their status","82.71914398112172","77.1532633390069","97.25865674411453",,"Males","15+","2017","Spectrum estimates 2025 (UNAIDS/WHO)",
"PLHIV who know status - by sex","Percent of people living with HIV who know their status","84.41786426198233","78.85016069235212","100",,"Males","15+","2018","Spectrum estimates 2025 (UNAIDS/WHO)",
"PLHIV who know status - by sex","Percent of people living with HIV who know their status","83.01270278277227","77.61990089534288","97.36906523504628",,"Males","15+","2019","Spectrum estimates 2025 (UNAIDS/WHO)",
"PLHIV who know status - by sex","Percent of people living with HIV who know their status","85.79534862442988","80.29929465251956","100",,"Males","15+","2020","Spectrum estimates 2025 (UNAIDS/WHO)",
"PLHIV who know status - by sex","Percent of people living with HIV who know their status","87.38232938053405","81.77820771143435","100",,"Males","15+","2021","Spectrum estimates 2025 (UNAIDS/WHO)",
"PLHIV who know status - by sex","Percent of people living with HIV who know their status","90.57847697087654","84.85850612086998","100",,"Males","15+","2022","Spectrum estimates 2025 (UNAIDS/WHO)",
"PLHIV who know status - by sex","Percent of people living with HIV who know their status","88.96185886682844","83.23235313447823","100",,"Males","15+","2023","Spectrum estimates 2025 (UNAIDS/WHO)",
"PLHIV who know status - by sex","Percent of people living with HIV who know their status","88.90188712202007","83.03506199336138","100",,"Males","15+","2024","Spectrum estimates 2025 (UNAIDS/WHO)",
"Prevalence and positivity","Adult prevalence (15+) (Percent) Male+Female","14.37971","13.61522","16.35662",,"Male+Female","15+","2015","Spectrum estimates 2025 (UNAIDS/WHO)",
"Prevalence and positivity","Adult prevalence (15+) (Percent) Male+Female","14.13287","13.37136","16.15954",,"Male+Female","15+","2016","Spectrum estimates 2025 (UNAIDS/WHO)",
"Prevalence and positivity","Adult prevalence (15+) (Percent) Male+Female","13.82468","13.07022","15.86476",,"Male+Female","15+","2017","Spectrum estimates 2025 (UNAIDS/WHO)",
"Prevalence and positivity","Adult prevalence (15+) (Percent) Male+Female","13.48644","12.73348","15.50107",,"Male+Female","15+","2018","Spectrum estimates 2025 (UNAIDS/WHO)",
"Prevalence and positivity","Adult prevalence (15+) (Percent) Male+Female","13.14763","12.43348","15.11732",,"Male+Female","15+","2019","Spectrum estimates 2025 (UNAIDS/WHO)",
"Prevalence and positivity","Adult prevalence (15+) (Percent) Male+Female","12.79909","12.09751","14.72064",,"Male+Female","15+","2020","Spectrum estimates 2025 (UNAIDS/WHO)",
"Prevalence and positivity","Adult prevalence (15+) (Percent) Male+Female","12.4839","11.79408","14.37216",,"Male+Female","15+","2021","Spectrum estimates 2025 (UNAIDS/WHO)",
"Prevalence and positivity","Adult prevalence (15+) (Percent) Male+Female","12.12585","11.451","13.97959",,"Male+Female","15+","2022","Spectrum estimates 2025 (UNAIDS/WHO)",
"Prevalence and positivity","Adult prevalence (15+) (Percent) Male+Female","11.76229","11.09915","13.57934",,"Male+Female","15+","2023","Spectrum estimates 2025 (UNAIDS/WHO)",
"Prevalence and positivity","Adult prevalence (15+) (Percent) Male+Female","11.41109","10.7629","13.18356",,"Male+Female","15+","2024","Spectrum estimates 2025 (UNAIDS/WHO)",
"Prevalence and positivity","Treatment adjusted Prevalence","5.950697528223948",,,,,,"2015","(calculated)","based on population, estimated PLHIV, and estimated PLHIV on ART data values"
"Prevalence and positivity","Treatment adjusted Prevalence","4.9854930342002515",,,,,,"2016","(calculated)","based on population, estimated PLHIV, and estimated PLHIV on ART data values"
"Prevalence and positivity","Treatment adjusted Prevalence","3.4343437676291604",,,,,,"2017","(calculated)","based on population, estimated PLHIV, and estimated PLHIV on ART data values"
"Prevalence and positivity","Treatment adjusted Prevalence","2.6971069409654933",,,,,,"2018","(calculated)","based on population, estimated PLHIV, and estimated PLHIV on ART data values"
"Prevalence and positivity","Treatment adjusted Prevalence","1.9406914229045868",,,,,,"2019","(calculated)","based on population, estimated PLHIV, and estimated PLHIV on ART data values"
"Prevalence and positivity","Treatment adjusted Prevalence","1.5011608108261638",,,,,,"2020","(calculated)","based on population, estimated PLHIV, and estimated PLHIV on ART data values"
"Prevalence and positivity","Treatment adjusted Prevalence","1.238233215147955",,,,,,"2021","(calculated)","based on population, estimated PLHIV, and estimated PLHIV on ART data values"
"Prevalence and positivity","Treatment adjusted Prevalence","0.6491080923378361",,,,,,"2022","(calculated)","based on population, estimated PLHIV, and estimated PLHIV on ART data values"
"Prevalence and positivity","Treatment adjusted Prevalence","0.49244915319671007",,,,,,"2023","(calculated)","based on population, estimated PLHIV, and estimated PLHIV on ART data values"
"Prevalence and positivity","Treatment adjusted Prevalence","0.40989758789392977",,,,,,"2024","(calculated)","based on population, estimated PLHIV, and estimated PLHIV on ART data values"
"HIV tests conducted and positivity, by sex","Den Age-Female Gte 15","1328256",,,"validated","Females","15+","2024","Global AIDS Monitoring 2025","1328256"
"HIV tests conducted and positivity, by sex","Per Age-Female Gte 15","3.1",,,"validated","Females","15+","2024","Global AIDS Monitoring 2025","3.1"
"HIV tests conducted and positivity, by sex","Den Age-Male Gte 15","440576",,,"validated","Males","15+","2024","Global AIDS Monitoring 2025","440576"
"HIV tests conducted and positivity, by sex","Per Age-Male Gte 15","5.8",,,"validated","Males","15+","2024","Global AIDS Monitoring 2025","5.8"
"HIV tests conducted and positivity, by sex","Den Age-All","1905127",,,"validated","All sexes","All ages","2024","Global AIDS Monitoring 2025","1905127"
"HIV tests conducted and positivity, by sex","Per Age-All","3.6",,,"validated","All sexes","All ages","2024","Global AIDS Monitoring 2025","3.6"
"HIV tests conducted and positivity at community level","Mobile testing - Number of tests - Community","67891",,,,"Female, Male, Unknown Sex","15+, <15, Unknown Age","2023","PEPFAR",
"HIV tests conducted and positivity at community level","Positivity - Community Mobile Testing","3.8664918766847003",,,,"Female, Male, Unknown Sex","15+, <15, Unknown Age","2023","PEPFAR",
"HIV tests conducted and positivity at community level","VCT - Number of tests - Community","132",,,,"Female, Male, Unknown Sex","15+, <15, Unknown Age","2023","PEPFAR",
"HIV tests conducted and positivity at community level","Positivity - Community VCT Testing","3.030303030303",,,,"Female, Male, Unknown Sex","15+, <15, Unknown Age","2023","PEPFAR",
"HIV tests conducted and positivity at community level","Other - Number of tests - Community","12866",,,,"Female, Male, Unknown Sex","15+, <15, Unknown Age","2023","PEPFAR",
"HIV tests conducted and positivity at community level","Positivity - Community Other Testing","7.9278719104616995",,,,"Female, Male, Unknown Sex","15+, <15, Unknown Age","2023","PEPFAR",
"HIV tests conducted and positivity at community level","Den Community-Community All","171509",,,"validated","All sexes","All ages","2024","Global AIDS Monitoring 2025","171509"
"HIV tests conducted and positivity at community level","Per Community-Community All","1.9",,,"validated","All sexes","All ages","2024","Global AIDS Monitoring 2025","1.9"
"HIV tests conducted and positivity at facility level","PITC - Number of tests - Facility","119542",,,,"Female, Male, Unknown Sex","15+, <15, Unknown Age","2023","PEPFAR",
"HIV tests conducted and positivity at facility level","Positivity - Facility PITC Testing","3.7401080791688",,,,"Female, Male, Unknown Sex","15+, <15, Unknown Age","2023","PEPFAR",
"HIV tests conducted and positivity at facility level","ANC - Number of tests - Facility","537986",,,,"Female, Male, Unknown Sex","15+, <15, Unknown Age","2023","PEPFAR",
"HIV tests conducted and positivity at facility level","Positivity - Facility ANC Testing","1.835177867082",,,,"Female, Male, Unknown Sex","15+, <15, Unknown Age","2023","PEPFAR",
"HIV tests conducted and positivity at facility level","VCT - Number of tests - Facility","3519",,,,"Female, Male, Unknown Sex","15+, <15, Unknown Age","2023","PEPFAR",
"HIV tests conducted and positivity at facility level","Positivity - Facility VCT Testing","8.724069337880099",,,,"Female, Male, Unknown Sex","15+, <15, Unknown Age","2023","PEPFAR",
"HIV tests conducted and positivity at facility level","Den Facility-Facility All","1733618",,,"validated","All sexes","All ages","2024","Global AIDS Monitoring 2025","1733618"
"HIV tests conducted and positivity at facility level","Per Facility-Facility All","3.8",,,"validated","All sexes","All ages","2024","Global AIDS Monitoring 2025","3.8"
"HIV tests conducted and positivity for provider-assisted referral / index testing","Index - Number of tests - Community","10090",,,,"Female, Male, Unknown Sex","15+, <15, Unknown Age","2023","PEPFAR",
"HIV tests conducted and positivity for provider-assisted referral / index testing","Positivity - Community Index testing","28.4539147670961",,,,"Female, Male, Unknown Sex","15+, <15, Unknown Age","2023","PEPFAR",
"HIV tests conducted and positivity for provider-assisted referral / index testing","Index - Number of tests - Facility","52086",,,,"Female, Male, Unknown Sex","15+, <15, Unknown Age","2023","PEPFAR",
"HIV tests conducted and positivity for provider-assisted referral / index testing","Positivity - Facility Index Testing","15.1825826517682",,,,"Female, Male, Unknown Sex","15+, <15, Unknown Age","2023","PEPFAR",
"HIV tests conducted and positivity for provider-assisted referral / index testing","Total Index tests","62176",,,,"Female, Male, Unknown Sex","15+, <15, Unknown Age","2023","PEPFAR",
"HIV tests conducted and positivity for provider-assisted referral / index testing","Positivity - Index Testing Total","17.3362712300566",,,,"Female, Male, Unknown Sex","15+, <15, Unknown Age","2023","PEPFAR",
"HIV self-tests","HIV self-tests distributed","197408",,,,,,"2018","PEPFAR",
"HIV self-tests","Self Test Distributed-Data Value","171730",,,"validated","All sexes","All ages","2019","Global AIDS Monitoring 2020",
"HIV self-tests","Self Test Distributed-Data Value","240434",,,"validated","All sexes","All ages","2020","Global AIDS Monitoring 2021","240434"
"HIV self-tests","HIV self-tests distributed","415016",,,,"Female, Male, Unknown Sex","15+, <15, Unknown Age","2021","PEPFAR",
"HIV self-tests","Self Test Distributed-Data Value","838103",,,"validated","All sexes","All ages","2022","Global AIDS Monitoring 2023","838103"
"HIV self-tests","Self Test Distributed-Data Value","504763",,,"validated","All sexes","All ages","2023","Global AIDS Monitoring 2024","504763"
"HIV self-tests","Self Test Distributed-Data Value","412534",,,"validated","All sexes","All ages","2024","Global AIDS Monitoring 2025","412534"
"WHO Integrated HIV RDT forecast","HIV RDT Demand Forecast - Total Volume","2757306.8544921987",,,,,,"2024","EIC and WHO HIV RDT Landscape Report 2024",
"WHO Integrated HIV RDT forecast","HIV RDT Demand Forecast - Total Volume","2778588.2284865472",,,,,,"2025","EIC and WHO HIV RDT Landscape Report 2024",
"WHO Integrated HIV RDT forecast","HIV RDT Demand Forecast - Total Volume","2802680.91484959",,,,,,"2026","EIC and WHO HIV RDT Landscape Report 2024",
"WHO Integrated HIV RDT forecast","HIV RDT Demand Forecast - Total Volume","2827648.8572067716",,,,,,"2027","EIC and WHO HIV RDT Landscape Report 2024",
"WHO Integrated HIV RDT forecast","HIV RDT Demand Forecast - Total Volume","2872269.2080585305",,,,,,"2028","EIC and WHO HIV RDT Landscape Report 2024",
"WHO Integrated HIV RDT forecast","HIV RDT Demand Forecast - Total Volume","3021061.2454886134",,,,,,"2029","EIC and WHO HIV RDT Landscape Report 2024",
"WHO Integrated HIV RDT forecast","HIV RDT Demand Forecast - Total Volume","3170858.37713228",,,,,,"2030","EIC and WHO HIV RDT Landscape Report 2024",
"Key Populations","HIV prevalence among sex workers","40.2",,,,,,"2023","UNAIDS KP-Atlas 2025","Source: Survey, 2023"
"Key Populations","HIV testing and status awareness among sex workers","96.6",,,,,,"2023","UNAIDS KP-Atlas 2025","Source: Survey, 2023"
"Key Populations","SW (Tested in past year)","13510",,,,,,"2020","PEPFAR ROP 2021",
"Key Populations","HIV prevalence among men who have sex with men","8.1",,,,"Males",,"2023","UNAIDS KP-Atlas 2025","Source: National programme data, 2023"
"Key Populations","HIV testing and status awareness among men who have sex with men","100",,,,"Males",,"2024","UNAIDS KP-Atlas 2025","Source: Programme Data DHIS2, 2024"
"Key Populations","MSM (Tested in past year)","4933",,,,,,"2020","PEPFAR ROP 2021",
"Key Populations","HIV prevalence among transgender people","17.6",,,,,,"2023","UNAIDS KP-Atlas 2025","Source: National programme data, 2023"
"Key Populations","HIV testing and status awareness among transgender people","100",,,,,,"2024","UNAIDS KP-Atlas 2025","Source: Programme Data DHIS2, 2024"
"Key Populations","HIV prevalence among prisoners","9.9",,,,,,"2024","UNAIDS KP-Atlas 2025","Source: Prison programmes"
"WHO HIV Testing Policy Compliance","From national authorities Laws requiring parental consent for adolescents to access HIV testing",,,,"Yes",,,"2022","WHO_NCPI_2025",
"WHO HIV Testing Policy Compliance","From national authorities Provider-initiated testing and counselling",,,,"Yes",,,"2025","WHO_NCPI_2025",
"WHO HIV Testing Policy Compliance","From national authorities Community-based testing and counselling",,,,"Yes",,,"2025","WHO_NCPI_2025",
"WHO HIV Testing Policy Compliance","From national authorities Lay provider testing",,,,"Yes",,,"2025","WHO_NCPI_2025",
"WHO HIV Testing Policy Compliance","From national authorities Self-testing",,,,"Yes",,,"2025","WHO_NCPI_2025",
"WHO HIV Testing Policy Compliance","From national authorities Assisted partner notification",,,,"Yes",,,"2025","WHO_NCPI_2025",
"WHO HIV Testing Policy Compliance","From national authorities Client-initiated testing and counselling",,,,"Yes",,,"2025","WHO_NCPI_2025",
"WHO HIV Testing Policy Compliance","From national authorities Routine antenatal testing",,,,"Yes",,,"2025","WHO_NCPI_2025",
"WHO HIV Testing Policy Compliance","From national authorities Dual HIV/syphilis rapid diagnostic tests for pregnant women in antenatal care",,,,"Yes",,,"2024","WHO_NCPI_2025",
"WHO HIV Testing Policy Compliance","From national authorities Social network-based HIV testing for key populations",,,,"Yes",,,"2024","WHO_NCPI_2025",
"WHO HIV Testing Policy Compliance","From national authorities Social network-based HIV testing for general population",,,,"Yes",,,"2024","WHO_NCPI_2025",
"Population Groups","HIV population (15+) Female","741009.0442","700457.548","843371.1314",,"Female","15+","2024","Spectrum estimates 2025 (UNAIDS/WHO)",
"Population Groups","Percent of people living with HIV who know their status","95","95","95",,"Females","15+","2024","Spectrum estimates 2025 (UNAIDS/WHO)",
"Population Groups","Adult prevalence (15+) (Percent) Female","13.35554","12.62466","15.20045",,"Female","15+","2024","Spectrum estimates 2025 (UNAIDS/WHO)",
"Population Groups","New HIV infections (15+) Female","7559.50437","5801.30885","10059.72451",,"Female","15+","2024","Spectrum estimates 2025 (UNAIDS/WHO)",
"Population Groups","tests_total",,,,,"female","15-99","2024","Shiny90",
"Population Groups","evertest","85.8226650192762","85.37632194610009","86.3069485164071",,"female","15-99","2024","Shiny90",
"Population Groups","Undiagnosed PLHIV",,,,,"Females","15+","2024","(calculated)","based on the estimated PLHIV and % aware data values"
"Population Groups","HIV population (15+) Male","490817.4777","458427.3856","572769.7808",,"Male","15+","2024","Spectrum estimates 2025 (UNAIDS/WHO)",
"Population Groups","Percent of people living with HIV who know their status","88.90188712202007","83.03506199336138","95",,"Males","15+","2024","Spectrum estimates 2025 (UNAIDS/WHO)",
"Population Groups","Adult prevalence (15+) (Percent) Male","9.35485","8.7375","10.91684",,"Male","15+","2024","Spectrum estimates 2025 (UNAIDS/WHO)",
"Population Groups","New HIV infections (15+) Male","4584.77302","3488.63019","6221.05794",,"Male","15+","2024","Spectrum estimates 2025 (UNAIDS/WHO)",
"Population Groups","tests_total",,,,,"male","15-99","2024","Shiny90",
"Population Groups","evertest","75.8972449495536","75.2167811840293","76.5725511699041",,"male","15-99","2024","Shiny90",
"Population Groups","Undiagnosed PLHIV","54471.47769999995",,,,"Males","15+","2024","(calculated)","based on the estimated PLHIV and % aware data values"
