Region,Year,Sex,enroll_n,enrollage_mean,enrollage_sd,enrollage_median,enrollage_p25,enrollage_p75
AP,ALL,ALL,43283,36.8240648753552,10.2713285753806,35,29,43
AP,2006,ALL,2827,35.3937035726919,9.07624400344368,34,29,40
AP,2007,ALL,3796,35.6269757639621,8.78635002081146,35,30,40
AP,2008,ALL,3483,36.1894918173988,9.16967718758108,35,30,41
AP,2009,ALL,2996,36.347129506008,9.10170662809034,35,30,41
AP,2010,ALL,3177,36.4331129996852,9.61769262850285,35,29,42
AP,2011,ALL,3070,36.6153094462541,9.57695385362057,35,30,42
AP,2012,ALL,2536,37.0745268138801,10.0444164365659,36,30,43
AP,2013,ALL,2451,37.4920440636475,10.0827311423783,36,30,43
AP,2014,ALL,2230,38.0192825112108,10.6872454065372,37,30,45
AP,2015,ALL,2556,36.8947574334898,10.835519790891,36,28,44
AP,2016,ALL,2377,36.9545645771981,10.546096764952,36,29,44
AP,2017,ALL,2589,36.7045191193511,11.0528965118079,35,28,44
AP,2018,ALL,2178,37.2676767676768,11.2966624158809,36,28,45
AP,2019,ALL,2215,37.3480812641084,11.4587479224404,36,28,45
AP,2020,ALL,1528,37.5039267015707,11.4948801689315,36,28,45
AP,2021,ALL,1385,38.7545126353791,12.4083499732166,37,29,47
AP,2022,ALL,1369,38.327246165084,11.5454667478396,37,29,46
AP,2023,ALL,520,38.9269230769231,13.0237091547767,37,29,48
AP,ALL,Male,29094,37.2682683714855,10.3784059859308,36,30,43
AP,ALL,Female,14189,35.9132426527592,9.986960069005,35,28,42
AP,2006,Male,1805,36.9434903047091,9.04056625127068,35,31,42
AP,2006,Female,1022,32.6565557729941,8.476761520356,31,26,37
AP,2007,Male,2371,36.8878110501898,8.65387300770477,36,31,41
AP,2007,Female,1425,33.5291228070175,8.60514288851019,32,27,38
AP,2008,Male,2268,37.3959435626102,8.99375960393155,36,31,42
AP,2008,Female,1215,33.9374485596708,9.07325332719665,32,28,38
AP,2009,Male,1859,37.9311457772996,8.93575884556661,37,32,42
AP,2009,Female,1137,33.7572559366755,8.77441275664938,32,27,39
AP,2010,Male,1984,37.9349798387097,9.65163800539514,37,31,43
AP,2010,Female,1193,33.9354568315172,9.02727179460737,32,27,39
AP,2011,Male,1869,38.1471375066881,9.8116779497355,37,31,44
AP,2011,Female,1201,34.2314737718568,8.68147694286634,32,28,39
AP,2012,Male,1658,37.8190591073583,10.2914592069567,37,30,44
AP,2012,Female,878,35.6685649202733,9.4067197645902,35,29,40
AP,2013,Male,1580,38.05,10.2844610616546,37,30,44
AP,2013,Female,871,36.4799081515499,9.6296595464253,35,29,41
AP,2014,Male,1498,38.1789052069426,10.817550912839,37,30,45
AP,2014,Female,732,37.6926229508197,10.4151736201338,37,30,45
AP,2015,Male,1844,36.4202819956616,11.0964127166471,35,28,43
AP,2015,Female,712,38.123595505618,10.0322352172183,37,31,45
AP,2016,Male,1751,36.5151342090234,10.6634582689391,35,28,43
AP,2016,Female,626,38.1837060702875,10.1180135443212,37,31,44
AP,2017,Male,1869,36.0074906367041,10.948387166505,34,27,43
AP,2017,Female,720,38.5138888888889,11.1251485659072,38,30,46
AP,2018,Male,1620,36.491975308642,11.3611306973407,34,27,44
AP,2018,Female,558,39.5197132616487,10.8058833594462,39,32,46
AP,2019,Male,1612,36.6730769230769,11.4995131610567,35,28,44
AP,2019,Female,603,39.1525704809287,11.1595171542442,39,31,46
AP,2020,Male,1156,36.9610726643599,11.6979018457578,35,28,45
AP,2020,Female,372,39.1908602150538,10.6797852887262,39,31,46
AP,2021,Male,1003,38.0189431704885,12.6399013393311,35,28,46
AP,2021,Female,382,40.6858638743456,11.5738305208908,40,32,48
AP,2022,Male,972,37.6615226337449,11.7740328076061,35,28,46
AP,2022,Female,397,39.9571788413098,10.8080441470042,40,32,47
AP,2023,Male,375,37.7066666666667,12.2358434334389,35,28,46
AP,2023,Female,145,42.0827586206897,14.4421756249399,41,30,51
CA,ALL,ALL,55708,36.9389315717671,10.1594149356774,36,29,43
CA,2006,ALL,4972,36.8465406275141,9.4046465582549,36,30,43
CA,2007,ALL,4746,35.8362831858407,9.35601655298931,35,29,42
CA,2008,ALL,4532,35.8457634598411,9.67931158482974,35,29,42
CA,2009,ALL,4731,35.9835129993659,9.79371496711396,34,29,42
CA,2010,ALL,4638,36.1666666666667,9.77724917318669,35,29,42
CA,2011,ALL,4295,36.4202561117579,9.94486942968664,35,29,43
CA,2012,ALL,3823,36.7750457755689,9.89389733316937,36,29,43
CA,2013,ALL,3225,36.6722480620155,10.2218651907638,35,29,43
CA,2014,ALL,2999,37.2284094698233,10.3615839258303,36,29,44
CA,2015,ALL,3351,38.1677111310057,10.5562282152599,37,30,45
CA,2016,ALL,3838,38.2985930171965,10.6213995712082,37,30,45
CA,2017,ALL,3297,37.8286320897786,10.4952048853645,37,30,45
CA,2018,ALL,2384,37.8842281879195,10.8546272165383,36,29,45
CA,2019,ALL,1573,38.1226954863318,11.0809340351369,37,29,45
CA,2020,ALL,1240,38.083064516129,11.4785283762464,37,29,45
CA,2021,ALL,1014,38.0167652859961,10.9430327350066,37,29,46
CA,2022,ALL,766,38.9856396866841,11.1762377499703,38,30,47
CA,2023,ALL,284,40.919014084507,12.3126435811891,40,32,48
CA,ALL,Male,19719,39.7491759216999,10.0140468948335,39,32,46
CA,ALL,Female,35989,35.3991497401984,9.90581018461025,34,28,41
CA,2006,Male,1551,40.1289490651193,9.35356444691355,40,33,46
CA,2006,Female,3421,35.3583747442268,9.04466875641816,34,29,41
CA,2007,Male,1549,38.9799870884442,9.20483174153738,38,32,45
CA,2007,Female,3197,34.3131060369096,9.04493685003414,33,28,39
CA,2008,Male,1539,39.2592592592593,9.79236836799901,39,32,46
CA,2008,Female,2993,34.0905446040762,9.13857338612112,33,27,39
CA,2009,Male,1535,39.7218241042345,9.5958154073948,39,32,46
CA,2009,Female,3196,34.1880475594493,9.37285367675916,33,27,39
CA,2010,Male,1511,39.9430840502978,9.66810504277319,40,33,46
CA,2010,Female,3127,34.3418612088264,9.29655634149255,33,27,40
CA,2011,Male,1444,40.1994459833795,9.89517335307012,39,33,47
CA,2011,Female,2851,34.5061381971238,9.40919003135541,33,27,40
CA,2012,Male,1278,39.7378716744914,9.65323544671048,39,32,46
CA,2012,Female,2545,35.2872298624754,9.6780532652047,34,28,41
CA,2013,Male,1127,39.700976042591,10.0337011568214,39,32,46
CA,2013,Female,2098,35.0452812202097,9.95010677517709,34,28,41
CA,2014,Male,1062,39.7947269303202,9.82932821643662,39,33,46
CA,2014,Female,1937,35.8213732576149,10.3785328334185,34,28,42
CA,2015,Male,1254,40.6650717703349,10.5038787402662,40,33,47
CA,2015,Female,2097,36.6742966142108,10.3045361821459,35,29,43
CA,2016,Male,1477,40.6249153689912,10.1820888996003,40,33,47
CA,2016,Female,2361,36.8432867429055,10.6335337831864,36,29,44
CA,2017,Male,1287,39.0916860916861,10.245781328149,39,31.5,46
CA,2017,Female,2010,37.0199004975124,10.5754113408144,36,29,44
CA,2018,Male,1013,38.9911154985192,10.7030027942499,38,31,46
CA,2018,Female,1371,37.0663749088257,10.8971622865871,35,28,44
CA,2019,Male,716,38.7360335195531,10.7459610454572,38,30,46
CA,2019,Female,857,37.610268378063,11.3340231759567,36,29,45
CA,2020,Male,507,39.232741617357,11.4295000469152,38,31,46
CA,2020,Female,733,37.2878581173261,11.4526980342623,36,28,44
CA,2021,Male,449,39.2160356347439,10.7427347275868,38,30,47
CA,2021,Female,565,37.0637168141593,11.0162441465759,36,28,44
CA,2022,Male,305,41.0163934426229,10.8277357720789,40,33,48
CA,2022,Female,461,37.6420824295011,11.2117895636369,36,29,45
CA,2023,Male,115,43.9913043478261,12.4227406447152,43,36,53
CA,2023,Female,169,38.8284023668639,11.8236102748854,38,29,46
CN,ALL,ALL,40596,36.0314563011134,10.8654660627273,34,27,43
CN,2006,ALL,1834,36.319520174482,10.3187275437464,35,28,43
CN,2007,ALL,2205,36.8480725623583,10.4537722398146,36,29,43
CN,2008,ALL,2363,36.8840457046128,10.314204925867,36,29,44
CN,2009,ALL,2502,36.4484412470024,10.2783112472578,35,28,43
CN,2010,ALL,2099,36.0833730347785,10.5944930952877,35,28,43
CN,2011,ALL,2362,36.4779847586791,10.855044972662,35,28,43
CN,2012,ALL,2474,36.2283751010509,10.896787554154,34,28,43
CN,2013,ALL,2932,35.8120736698499,10.6271998760936,34,27,42
CN,2014,ALL,2923,36.0817653096134,11.2661999581001,34,27,43
CN,2015,ALL,2822,36.0591778880227,11.2299783204546,34,27,43
CN,2016,ALL,2768,35.8258670520231,11.101562676626,33,27,43
CN,2017,ALL,3027,35.7578460521969,11.3619694312938,33,27,43
CN,2018,ALL,2914,34.5748112560055,10.6145233260763,32,26,40
CN,2019,ALL,2358,35.0161153519932,10.8009213221437,33,27,41
CN,2020,ALL,1245,36.2369477911647,11.0598743328542,34,28,42
CN,2021,ALL,1135,35.8167400881057,10.753691049952,34,27,42
CN,2022,ALL,1461,36.0342231348392,11.5828252889122,34,27,43
CN,2023,ALL,1148,37.1742160278746,11.1698918388559,36,28,44
CN,2024,ALL,24,39.7083333333333,12.4498268424021,36,31,44.5
CN,ALL,Male,24499,36.0472264174048,10.820461576432,34,27,43
CN,ALL,Female,16097,36.0074548052432,10.9338988119327,34,27,43
CN,2006,Male,1056,37.1335227272727,10.2417310673711,36,29,44
CN,2006,Female,778,35.2146529562982,10.3266565980763,33,27,42
CN,2007,Male,1229,37.8917819365338,10.4635479794012,37,30,44
CN,2007,Female,976,35.5338114754098,10.29726795837,34,28,42
CN,2008,Male,1311,37.4294431731503,10.1882743369285,36,30,44
CN,2008,Female,1052,36.2043726235741,10.4340190463453,34,28,42.25
CN,2009,Male,1381,37.0419985517741,10.3084868681171,36,29,44
CN,2009,Female,1121,35.7172167707404,10.1981860132577,34,28,42
CN,2010,Male,1194,36.6850921273032,10.4966204052938,36,28,44
CN,2010,Female,905,35.2895027624309,10.6762571681155,33,27,42
CN,2011,Male,1357,36.994104642594,10.9670313407307,35,29,44
CN,2011,Female,1005,35.7810945273632,10.6678315638615,34,28,42
CN,2012,Male,1459,36.5654557916381,10.9220488718111,35,28,43
CN,2012,Female,1015,35.743842364532,10.8473994108759,34,27,43
CN,2013,Male,1703,35.9729888432178,10.4532071747864,34,28,43
CN,2013,Female,1229,35.5890968266884,10.8640358596984,34,27,42
CN,2014,Male,1708,36.2769320843091,11.2629541670688,34,27,43
CN,2014,Female,1215,35.8074074074074,11.2696810579413,33,27,44
CN,2015,Male,1739,35.9493962047154,11.1416124300238,34,27,43
CN,2015,Female,1083,36.2354570637119,11.3733871700446,34,27,44
CN,2016,Male,1748,35.6086956521739,11.0609061566558,33,27,43
CN,2016,Female,1020,36.1980392156863,11.1665065959257,34,27.75,43
CN,2017,Male,1881,35.4338118022329,11.2826832473622,33,26,42
CN,2017,Female,1146,36.2897033158813,11.4760361102051,34,27,43
CN,2018,Male,1891,33.9783183500793,10.209242390424,32,26,40
CN,2018,Female,1023,35.6774193548387,11.2476807083993,33,27,42
CN,2019,Male,1586,34.0857503152585,10.5597993109313,31,26,40
CN,2019,Female,772,36.9274611398964,11.043595829739,35,28,44
CN,2020,Male,798,35.9586466165414,11.1169010861629,34,28,42
CN,2020,Female,447,36.7337807606264,10.9521298285504,35,28,43
CN,2021,Male,766,35.2258485639687,10.7848797690071,33,27,41
CN,2021,Female,369,37.0433604336043,10.5983112673802,36,29,43
CN,2022,Male,959,35.4921793534932,11.377636717285,33,27,42
CN,2022,Female,502,37.0697211155378,11.9080441924329,35,28,44
CN,2023,Male,716,37.0013966480447,10.9490235604717,35,29,44
CN,2023,Female,432,37.4606481481481,11.5338029396979,36,28,46
CN,2024,Male,17,35.7058823529412,10.0047782701714,35,29,38
CN,2024,Female,*,*,*,*,*,*
EA,ALL,ALL,307827,35.2233462301877,10.3483407037773,33,27,41
EA,2006,ALL,27451,35.8565079596372,9.45971380331069,35,29,42
EA,2007,ALL,28164,35.4628958954694,9.67798879833642,34,28,41
EA,2008,ALL,23854,35.3186048461474,9.86703324181836,34,28,41
EA,2009,ALL,23832,35.3389979859013,10.2079964049511,34,28,41
EA,2010,ALL,23185,35.3285313780462,10.2928743109483,34,27,41
EA,2011,ALL,22189,35.3031231691379,10.4060157054083,33,27,41
EA,2012,ALL,21165,34.9516654854713,10.32837240769,33,27,40
EA,2013,ALL,17815,34.7386472074095,10.4681619701355,33,27,41
EA,2014,ALL,17242,34.4986660480223,10.3347948695742,32,27,40
EA,2015,ALL,15140,34.8655217965654,10.7020002549779,33,27,41
EA,2016,ALL,13765,35.2012350163458,10.6389676605969,33,27,41
EA,2017,ALL,12663,35.2647082050067,10.7901930254524,33,27,41
EA,2018,ALL,12668,35.0903852226081,10.8893017874219,33,27,41
EA,2019,ALL,13086,35.6474858627541,10.9559958137502,34,27,42
EA,2020,ALL,11668,35.4283510455948,10.729439052785,34,27,42
EA,2021,ALL,9940,35.7714285714286,11.0854444997912,34,27,42
EA,2022,ALL,10621,33.9066942849073,10.9622298566905,32,25,40
EA,2023,ALL,3379,35.5167209233501,11.1527927199984,34,27,42
EA,ALL,Male,109522,38.2405361479885,10.3390276740751,37,30,44
EA,ALL,Female,198305,33.556980408966,9.96948061891193,31,26,39
EA,2006,Male,8946,38.8860943438408,9.59222790787409,38,32,44
EA,2006,Female,18505,34.3918940826804,9.03813910611775,33,28,40
EA,2007,Male,9196,38.7314049586777,9.87027642685707,37,32,44
EA,2007,Female,18968,33.8782686630114,9.17362078504117,32,27,39
EA,2008,Male,8095,38.4381717109327,9.94661314415373,37,31,44
EA,2008,Female,15759,33.7161621930326,9.43331312236677,32,27,39
EA,2009,Male,8296,38.5007232401157,10.3155400812677,37,31,45
EA,2009,Female,15536,33.6506822863028,9.7387081593003,32,26,39
EA,2010,Male,8048,38.2183151093439,10.242635015379,37,31,44
EA,2010,Female,15137,33.7920988306798,9.98487471026357,32,26,40
EA,2011,Male,7801,38.1699782079221,10.3666168411056,37,30,44
EA,2011,Female,14388,33.7487489574646,10.0927537099922,32,26,39
EA,2012,Male,7700,37.7325974025974,10.3612651152206,36,30,44
EA,2012,Female,13465,33.3613813590791,9.96704879433483,31,26,39
EA,2013,Male,6605,37.5512490537472,10.4465550371136,36,30,43
EA,2013,Female,11210,33.0814451382694,10.1217789713517,31,25,39
EA,2014,Male,6437,37.1342240173994,10.1976735916856,35,30,43
EA,2014,Female,10805,32.9285515964831,10.094109382574,30,25,38
EA,2015,Male,5694,37.5691956445381,10.4303688272507,36,30,44
EA,2015,Female,9446,33.2357611687487,10.5328846004841,30,25,39
EA,2016,Male,5403,37.7140477512493,10.3304455424109,36,30,44
EA,2016,Female,8362,33.5776130112413,10.5197095993996,31,25,39
EA,2017,Male,4960,37.9362903225806,10.5274094446465,36,30,44
EA,2017,Female,7703,33.5444631961573,10.6063294806745,31,25,39
EA,2018,Male,4816,38.2730481727575,10.790095277916,37,30,45
EA,2018,Female,7852,33.1383087111564,10.4826694124352,30,25,39
EA,2019,Male,5091,38.6028285209193,10.6397235372345,37,31,45
EA,2019,Female,7995,33.7656035021889,10.7374840066229,31,26,40
EA,2020,Male,4418,38.669760072431,10.8174928971531,37,30,45
EA,2020,Female,7250,33.4531034482759,10.1820953756982,31,26,39
EA,2021,Male,3791,38.8406752835663,10.9976702722542,37,30,45
EA,2021,Female,6149,33.8791673442836,10.710367633435,31,26,40
EA,2022,Male,3124,38.9414212548015,11.1064808168478,37,31,45
EA,2022,Female,7497,31.8087234893958,10.1928424928877,29,24,37
EA,2023,Male,1101,40.1307901907357,10.8951684960284,39,32,47
EA,2023,Female,2278,33.2866549604917,10.5789337967978,31,25,39
NA-ACCORD,ALL,ALL,60680,42.0672544495715,13.1997013401739,42,31,52
NA-ACCORD,2006,ALL,5346,41.5520014964459,11.2335362835512,41,33,49
NA-ACCORD,2007,ALL,5078,41.5356439543127,11.5575910066394,42,33,49
NA-ACCORD,2008,ALL,4879,41.8899364623898,12.1852744517552,42,32,51
NA-ACCORD,2009,ALL,5157,41.4745006786892,12.3908101225256,42,31,50
NA-ACCORD,2010,ALL,5610,41.9718360071301,12.7987811285165,42,31,51
NA-ACCORD,2011,ALL,5124,41.9892661982826,13.0784089373292,42,31,52
NA-ACCORD,2012,ALL,4415,41.9204983012458,13.6282035753904,42,30,52
NA-ACCORD,2013,ALL,4278,41.664095371669,13.565110739609,41,29,52
NA-ACCORD,2014,ALL,4183,41.6155868993545,13.5692589361423,41,29,52
NA-ACCORD,2015,ALL,3929,41.7304657673708,13.9389449443938,41,29,52
NA-ACCORD,2016,ALL,2793,42.7629788757608,14.4187414357207,42,30,54
NA-ACCORD,2017,ALL,2692,43.0438335809807,14.7072614907216,42,30,55
NA-ACCORD,2018,ALL,2718,44.0515084621045,14.6838200337046,43,31,56
NA-ACCORD,2019,ALL,2398,44.2948290241868,14.9580773624577,42,32,56
NA-ACCORD,2020,ALL,1321,43.3913701741105,15.0179352780314,40,31,55
NA-ACCORD,2021,ALL,759,40.5388669301713,14.0009707270679,37,30,51
NA-ACCORD,ALL,Male,51364,42.2207187913714,13.488479344825,42,31,52
NA-ACCORD,ALL,Female,9316,41.2211249463289,11.4415337164802,41,32,49
NA-ACCORD,2006,Male,4444,42.0632313231323,11.3439984241525,42,34,49
NA-ACCORD,2006,Female,902,39.0332594235033,10.3147471670514,39,31,46
NA-ACCORD,2007,Male,4212,41.8376068376068,11.7317330542089,42,33,50
NA-ACCORD,2007,Female,866,40.066974595843,10.5539141835422,40,32,47.75
NA-ACCORD,2008,Male,4022,42.3247140726007,12.4327579457285,43,32,51
NA-ACCORD,2008,Female,857,39.8494749124854,10.7228020569687,39,31,48
NA-ACCORD,2009,Male,4351,41.697770627442,12.6481252836013,42,31,51
NA-ACCORD,2009,Female,806,40.2692307692308,10.8251247277009,40,32,48
NA-ACCORD,2010,Male,4690,42.1859275053305,13.1164857725785,43,31,52
NA-ACCORD,2010,Female,920,40.8804347826087,10.9795956678502,41,32,49
NA-ACCORD,2011,Male,4298,42.1409958120056,13.3910462701376,42,30,52
NA-ACCORD,2011,Female,826,41.1997578692494,11.2874314630128,42,32,50
NA-ACCORD,2012,Male,3824,42.0431485355649,13.8988336901722,42,30,52
NA-ACCORD,2012,Female,591,41.1269035532995,11.7065447603584,41,32,50
NA-ACCORD,2013,Male,3658,41.6946418808092,13.8704888434025,41,29,52
NA-ACCORD,2013,Female,620,41.4838709677419,11.6092018756721,42,32,50
NA-ACCORD,2014,Male,3635,41.5064649243466,13.761617377466,41,29,52
NA-ACCORD,2014,Female,548,42.3394160583942,12.2036998475534,42,33,52
NA-ACCORD,2015,Male,3382,41.6774098166765,14.2701473581248,40,29,53
NA-ACCORD,2015,Female,547,42.0585009140768,11.6906186341439,42,33,50
NA-ACCORD,2016,Male,2419,42.7102108309219,14.7639247164314,41,30,54
NA-ACCORD,2016,Female,374,43.1042780748663,11.9591499912109,43,34,53
NA-ACCORD,2017,Male,2353,43.0471738206545,15.0860593015244,41,29,55
NA-ACCORD,2017,Female,339,43.0206489675516,11.7648125765866,43,34,52
NA-ACCORD,2018,Male,2343,44.2005975245412,15.037836128954,43,31,56
NA-ACCORD,2018,Female,375,43.12,12.2185534384534,42,33,52
NA-ACCORD,2019,Male,2053,44.4252313687287,15.3580682298897,42,31,57
NA-ACCORD,2019,Female,345,43.5188405797101,12.3026428830415,42,33,54
NA-ACCORD,2020,Male,1108,43.1660649819495,15.4138174044201,40,31,56
NA-ACCORD,2020,Female,213,44.5633802816901,12.7298479970985,43,34,54
NA-ACCORD,2021,Male,572,39.3758741258741,13.7661344321143,36,29,48.25
NA-ACCORD,2021,Female,187,44.096256684492,14.1497876764493,42,32.5,57
SA,ALL,ALL,943359,35.1791767503146,9.85274252277964,34,28,41
SA,2006,ALL,36386,36.2162370142362,9.21636559213159,35,30,42
SA,2007,ALL,44412,35.6757407907773,9.34847630431355,34,29,41
SA,2008,ALL,46360,35.9294866264021,9.52489043836219,34,29,41
SA,2009,ALL,53750,35.9,9.53460323064072,34,29,41
SA,2010,ALL,55461,35.7207046392961,9.622401921129,34,29,41
SA,2011,ALL,57260,35.837076493189,9.83522810164209,34,29,41
SA,2012,ALL,54599,35.5348266451767,9.72499392934455,34,28,41
SA,2013,ALL,57493,35.2950098272833,9.87626902255484,34,28,41
SA,2014,ALL,61389,34.7943931323201,9.83102731326084,33,28,40
SA,2015,ALL,62562,34.602314504012,9.8888223505964,33,27,40
SA,2016,ALL,66360,34.9613773357444,9.99931582682781,33,28,41
SA,2017,ALL,80920,34.7916955017301,10.0021950527618,33,27,41
SA,2018,ALL,78331,34.4947083530148,10.0137684842994,33,27,40
SA,2019,ALL,62834,34.627192284432,9.98446263170628,33,27,40
SA,2020,ALL,51338,34.4370057267521,9.86583625367487,33,27,40
SA,2021,ALL,37266,34.5448934685773,10.0749977061904,33,27,40
SA,2022,ALL,25090,35.6708250298924,10.3963395077932,34,28,42
SA,2023,ALL,11177,36.6219021204259,10.837075792664,35,28,43
SA,2024,ALL,371,35.1698113207547,10.2409223991751,33,27,41
SA,ALL,Male,356494,37.8973923824805,9.61677226588017,37,31,43
SA,ALL,Female,586865,33.5279834374175,9.62562889500531,32,26,39
SA,2006,Male,13728,38.714087995338,9.20802382330266,37,32,44
SA,2006,Female,22658,34.7028422632183,8.88635997510772,33,28,40
SA,2007,Male,16770,38.1802623732856,9.24435241507314,37,32,44
SA,2007,Female,27642,34.1562839157803,9.08059347560753,33,27,39
SA,2008,Male,17621,38.5678451847228,9.36185822322123,37,32,44
SA,2008,Female,28739,34.3118062563068,9.25901987023366,33,27,39
SA,2009,Male,20490,38.4477794045876,9.33332043896827,37,32,44
SA,2009,Female,33260,34.3304269392664,9.31602469850807,33,27,39
SA,2010,Male,20981,38.2308755540727,9.40444299704429,37,31,44
SA,2010,Female,34480,34.1932714617169,9.43129845853536,32,27,39
SA,2011,Male,21581,38.3649506510356,9.61955079951505,37,32,44
SA,2011,Female,35679,34.3080523557275,9.64723254124548,32,27,39
SA,2012,Male,20956,38.1400076350449,9.49433823324071,37,31,43
SA,2012,Female,33643,33.9120768064679,9.51201906660967,32,27,39
SA,2013,Male,21569,38.2373777180212,9.59021428526313,37,31,44
SA,2013,Female,35924,33.528393274691,9.6212001673889,32,26,38
SA,2014,Male,22114,37.9043592294474,9.6230701175053,37,31,43
SA,2014,Female,39275,33.0433099936346,9.50879086289143,31,26,38
SA,2015,Male,22703,37.6958992203674,9.54382961131352,37,31,43
SA,2015,Female,39859,32.8402619232796,9.64643141843035,31,26,38
SA,2016,Male,24270,37.8793160280181,9.64042967952519,37,31,44
SA,2016,Female,42090,33.2788310762651,9.81387726621542,31,26,39
SA,2017,Male,30417,37.4822303317224,9.7196272992375,36,30,43
SA,2017,Female,50503,33.1712373522365,9.81917935996655,31,26,38
SA,2018,Male,29528,37.2045177458683,9.75159333503889,36,30,43
SA,2018,Female,48803,32.8551523471918,9.81232550067127,31,25,38
SA,2019,Male,25015,37.1840495702578,9.76138238483393,36,30,43
SA,2019,Female,37819,32.9359845580264,9.76837359590424,31,26,38
SA,2020,Male,19966,37.0678653711309,9.74227118565542,36,30,43
SA,2020,Female,31372,32.7626545964554,9.57450367678782,31,26,38
SA,2021,Male,14097,37.2946726253813,9.8341306459416,36,30,43
SA,2021,Female,23169,32.8718114722258,9.85025415454886,31,26,38
SA,2022,Male,9925,38.5093198992443,10.150035232779,38,31,45
SA,2022,Female,15165,33.8131223211342,10.1330257478075,32,26,39
SA,2023,Male,4625,39.264,10.2981993588492,38,32,45
SA,2023,Female,6552,34.7568681318681,10.8209056847053,33,26,41
SA,2024,Male,138,37.2028985507246,9.25720033057705,36.5,30,43
SA,2024,Female,233,33.9656652360515,10.6179185979629,32,26,39
WA,ALL,ALL,42369,37.2731006160164,9.75561335328987,36,30,43
WA,2006,ALL,3567,36.3411830670031,8.99076893405937,35,30,42
WA,2007,ALL,3904,36.4075307377049,9.0309431712425,35,30,42
WA,2008,ALL,4063,36.3504799409303,9.11393115802149,35,30,42
WA,2009,ALL,4034,36.4762022806148,9.04601860602855,35,30,42
WA,2010,ALL,3612,36.8676633444075,9.4048713062179,35,30,43
WA,2011,ALL,3196,36.8463704630788,9.3766527873898,35,30,43
WA,2012,ALL,3030,37.2386138613861,9.49449428090414,36,30,43
WA,2013,ALL,3001,37.5644785071643,9.52064026924072,36,30,44
WA,2014,ALL,2274,37.9283201407212,9.5753504708755,37,31,44
WA,2015,ALL,1816,39.3805066079295,10.3921476483912,38,31,46
WA,2016,ALL,1548,39.4806201550388,10.1328096954215,39,32,46
WA,2017,ALL,1207,39.7779618889809,10.1036294558425,39,32,46
WA,2018,ALL,1079,39.9981464318814,10.6211535127514,39,32,47
WA,2019,ALL,1204,39.8289036544851,10.6957762405175,39,32,46.25
WA,2020,ALL,1823,36.7981349424026,11.3167088821134,36,28,44
WA,2021,ALL,1467,36.2447171097478,10.904119731541,34,28,43
WA,2022,ALL,1073,37.1295433364399,11.322650718252,36,28,44
WA,2023,ALL,465,38.2365591397849,11.8263275203135,37,29,45
WA,2024,ALL,*,*,*,*,*,*
WA,ALL,Male,15331,40.0686191376949,9.84921483113086,40,33,46
WA,ALL,Female,27038,35.6879946741623,9.33761380990626,34,29,41
WA,2006,Male,1229,40.3100081366965,8.56860068336385,40,35,45
WA,2006,Female,2338,34.2549187339607,8.49269283523991,33,28,39
WA,2007,Male,1307,40.495791889824,8.49946970940169,40,35,46
WA,2007,Female,2597,34.3500192529842,8.58059840065613,33,28,39
WA,2008,Male,1334,40.3448275862069,8.6433622746366,39.5,34,46
WA,2008,Female,2729,34.397947966288,8.69261299692447,33,28,39
WA,2009,Male,1322,40.7760968229955,8.53995927156771,40,35,46
WA,2009,Female,2712,34.3801622418879,8.53147562004854,33,28,39
WA,2010,Male,1190,41.1848739495798,8.98261697277806,40,35,47
WA,2010,Female,2422,34.7464905037159,8.86784763471755,33,28,39
WA,2011,Male,1069,41.155285313377,9.04960438630716,41,35,46
WA,2011,Female,2127,34.6807710390221,8.77282652285677,33,28,39
WA,2012,Male,969,40.8761609907121,9.11707253964031,40,35,46
WA,2012,Female,2061,35.528384279476,9.18365975866578,34,29,41
WA,2013,Male,1018,40.6974459724951,9.5421650491129,40,34,47
WA,2013,Female,1983,35.9561270801815,9.10210006306292,35,29,41
WA,2014,Male,804,41.3258706467662,9.61595174091574,40,35,47
WA,2014,Female,1470,36.0700680272109,9.03053525809992,35,30,41
WA,2015,Male,638,43.0329153605016,10.2580755627107,42.5,36,50
WA,2015,Female,1178,37.402376910017,9.92166742916207,36,30,43
WA,2016,Male,554,42.1750902527076,10.1507637180931,42,35,49
WA,2016,Female,994,37.9788732394366,9.81154530576287,37,31,44
WA,2017,Male,448,41.8928571428571,9.74195671708373,41,35,48
WA,2017,Female,759,38.5296442687747,10.1117165382966,37,31,45
WA,2018,Male,409,42.3129584352078,10.3393334872952,42,35,49
WA,2018,Female,670,38.5850746268657,10.5500905532614,38,30,45
WA,2019,Male,442,41.6696832579185,11.1407989303495,42,34,49
WA,2019,Female,762,38.761154855643,10.2863425894841,38,31,45
WA,2020,Male,951,35.2008412197687,11.6264960249389,32,25,44
WA,2020,Female,872,38.5401376146789,10.7069617567921,38,31,45
WA,2021,Male,860,34.4302325581395,10.5295644513947,32,27,40
WA,2021,Female,607,38.8154859967051,10.9171296678298,38,31,45
WA,2022,Male,568,35.6954225352113,11.2499506640965,33,27,43
WA,2022,Female,505,38.7425742574257,11.1972338078363,37,30,45
WA,2023,Male,215,37.2883720930233,12.5802324039556,36,26,46
WA,2023,Female,250,39.052,11.0980160316769,39,30,45
WA,2024,Male,*,*,*,*,*,*
WA,2024,Female,*,*,*,*,*,*
