Region,Year,Sex,Age,enroll_n,enroll_byyear,enroll_percbyyear,cd4_enroll_n,cd4_enr_0_200,cd4_enr_201_350,cd4_enr_351_500,cd4_enr_501_up,cd4_enr_median,cd4_enr_p25,cd4_enr_p75,enroll_3mo_n,cd4_enroll_perc
AP,ALL,ALL,ALL,43283,43283,100,24623,11250,5642,3764,3967,227,81,406,36102,68.2
AP,2006,ALL,ALL,2827,2827,100,1738,759,377,273,329,236,86,432,2404,72.3
AP,2007,ALL,ALL,3796,3796,100,2268,951,502,408,407,253,98,424,3229,70.2
AP,2008,ALL,ALL,3483,3483,100,1604,656,378,264,306,256,108,438,2546,63
AP,2009,ALL,ALL,2996,2996,100,1641,724,363,286,268,244,91,425,2363,69.4
AP,2010,ALL,ALL,3177,3177,100,1915,929,407,272,307,212,72,399,2600,73.7
AP,2011,ALL,ALL,3070,3070,100,1853,888,411,275,279,209,74,395,2432,76.2
AP,2012,ALL,ALL,2536,2536,100,1438,675,302,217,244,221,77,414,2027,70.9
AP,2013,ALL,ALL,2451,2451,100,1423,644,342,205,232,229,72,400,1984,71.7
AP,2014,ALL,ALL,2230,2230,100,1193,556,266,165,206,226,81,423,1833,65.1
AP,2015,ALL,ALL,2556,2556,100,1475,630,359,243,243,241,92,409,2243,65.8
AP,2016,ALL,ALL,2377,2377,100,1425,707,311,200,207,203,62,381,2046,69.6
AP,2017,ALL,ALL,2589,2589,100,1415,684,337,202,192,209,69,378,2287,61.9
AP,2018,ALL,ALL,2178,2178,100,1192,546,296,188,162,224,84,379,1894,62.9
AP,2019,ALL,ALL,2215,2215,100,1270,584,328,184,174,227,78,377,1950,65.1
AP,2020,ALL,ALL,1528,1528,100,942,399,237,157,149,245,82,415,1340,70.3
AP,2021,ALL,ALL,1385,1385,100,770,390,168,96,116,198,67,389,1211,63.6
AP,2022,ALL,ALL,1369,1369,100,787,385,197,93,112,203,74,360,1240,63.5
AP,2023,ALL,ALL,520,520,100,274,143,61,36,34,184,59,351,473,57.9
AP,ALL,Male,ALL,29094,43283,67.2,16637,8141,3790,2415,2291,206,71,378,24332,68.4
AP,ALL,Female,ALL,14189,43283,32.8,7986,3109,1852,1349,1676,273,110,460,11770,67.9
AP,ALL,ALL,20-49,38048,43283,87.9,21748,9742,4993,3388,3625,233,82,413,31854,68.3
AP,ALL,ALL,50+,5235,43283,12.1,2875,1508,649,376,342,185,72,350,4248,67.7
AP,2006,Male,ALL,1805,2827,63.8,1072,509,224,167,172,215,73,412,1513,70.9
AP,2006,Female,ALL,1022,2827,36.2,666,250,153,106,157,292,120,490,891,74.7
AP,2007,Male,ALL,2371,3796,62.5,1362,652,290,230,190,214,84,397,1975,69
AP,2007,Female,ALL,1425,3796,37.5,906,299,212,178,217,308,137,482,1254,72.2
AP,2008,Male,ALL,2268,3483,65.1,1063,484,246,161,172,227,86,407,1632,65.1
AP,2008,Female,ALL,1215,3483,34.9,541,172,132,103,134,316,159,494,914,59.2
AP,2009,Male,ALL,1859,2996,62,1022,509,225,159,129,202,78,381,1449,70.5
AP,2009,Female,ALL,1137,2996,38,619,215,138,127,139,304,132,478,914,67.7
AP,2010,Male,ALL,1984,3177,62.4,1169,653,225,151,140,163,58,350,1598,73.2
AP,2010,Female,ALL,1193,3177,37.6,746,276,182,121,167,282,116,478,1002,74.5
AP,2011,Male,ALL,1869,3070,60.9,1117,632,238,125,122,164,60,322,1489,75
AP,2011,Female,ALL,1201,3070,39.1,736,256,173,150,157,300,131,472,943,78
AP,2012,Male,ALL,1658,2536,65.4,954,490,197,130,137,190,67,377,1350,70.7
AP,2012,Female,ALL,878,2536,34.6,484,185,105,87,107,279,106,473,677,71.5
AP,2013,Male,ALL,1580,2451,64.5,915,444,218,121,132,208,64,372,1290,70.9
AP,2013,Female,ALL,871,2451,35.5,508,200,124,84,100,264,98,428,694,73.2
AP,2014,Male,ALL,1498,2230,67.2,809,390,183,109,127,217,73,395,1239,65.3
AP,2014,Female,ALL,732,2230,32.8,384,166,83,56,79,245,95,460,594,64.6
AP,2015,Male,ALL,1844,2556,72.1,1080,463,265,179,173,240,83,398,1642,65.8
AP,2015,Female,ALL,712,2556,27.9,395,167,94,64,70,244,105,426,601,65.7
AP,2016,Male,ALL,1751,2377,73.7,1054,536,228,142,148,194,57,374,1509,69.8
AP,2016,Female,ALL,626,2377,26.3,371,171,83,58,59,216,78,398,537,69.1
AP,2017,Male,ALL,1869,2589,72.2,1070,515,265,154,136,210,66,372,1664,64.3
AP,2017,Female,ALL,720,2589,27.8,345,169,72,48,56,204,83,408,623,55.4
AP,2018,Male,ALL,1620,2178,74.4,907,415,234,147,111,224,79,373,1411,64.3
AP,2018,Female,ALL,558,2178,25.6,285,131,62,41,51,221,99,418,483,59
AP,2019,Male,ALL,1612,2215,72.8,940,434,244,140,122,226,77,374,1419,66.2
AP,2019,Female,ALL,603,2215,27.2,330,150,84,44,52,228,82,400,531,62.1
AP,2020,Male,ALL,1156,1528,75.7,754,325,186,130,113,242,76,406,1032,73.1
AP,2020,Female,ALL,372,1528,24.3,188,74,51,27,36,261,111,454,308,61
AP,2021,Male,ALL,1003,1385,72.4,570,299,125,73,73,190,64,370,891,64
AP,2021,Female,ALL,382,1385,27.6,200,91,43,23,43,240,92,470,320,62.5
AP,2022,Male,ALL,972,1369,71,574,281,157,66,70,203,70,346,889,64.6
AP,2022,Female,ALL,397,1369,29,213,104,40,27,42,205,81,420,351,60.7
AP,2023,Male,ALL,375,520,72.1,205,110,40,31,24,174,52,362,340,60.3
AP,2023,Female,ALL,145,520,27.9,69,33,21,*,*,212,117,331,133,51.9
AP,2006,ALL,20-49,2592,2827,91.7,1605,698,341,250,316,240,85,438,2213,72.5
AP,2006,ALL,50+,235,2827,8.3,133,61,36,23,13,214,95,365,191,69.6
AP,2007,ALL,20-49,3482,3796,91.7,2105,888,465,373,379,251,97,424,2968,70.9
AP,2007,ALL,50+,314,3796,8.3,163,63,37,35,28,281,116,425,261,62.5
AP,2008,ALL,20-49,3170,3483,91,1454,588,340,240,286,262,110,444,2322,62.6
AP,2008,ALL,50+,313,3483,9,150,68,38,24,20,218,84,370,224,67
AP,2009,ALL,20-49,2728,2996,91.1,1509,654,330,267,258,250,92,428,2166,69.7
AP,2009,ALL,50+,268,2996,8.9,132,70,33,19,*,182,86,321,197,67
AP,2010,ALL,20-49,2862,3177,90.1,1725,829,368,243,285,216,72,404,2350,73.4
AP,2010,ALL,50+,315,3177,9.9,190,100,39,29,22,186,68,364,250,76
AP,2011,ALL,20-49,2746,3070,89.4,1654,777,363,258,256,215,75,402,2181,75.8
AP,2011,ALL,50+,324,3070,10.6,199,111,48,17,23,166,67,312,251,79.3
AP,2012,ALL,20-49,2244,2536,88.5,1269,590,270,190,219,226,77,419,1804,70.3
AP,2012,ALL,50+,292,2536,11.5,169,85,32,27,25,199,71,394,223,75.8
AP,2013,ALL,20-49,2135,2451,87.1,1250,563,301,178,208,232,73,403,1746,71.6
AP,2013,ALL,50+,316,2451,12.9,173,81,41,27,24,210,69,387,238,72.7
AP,2014,ALL,20-49,1922,2230,86.2,1028,472,225,144,187,232,82,432,1590,64.7
AP,2014,ALL,50+,308,2230,13.8,165,84,41,21,19,191,73,350,243,67.9
AP,2015,ALL,20-49,2220,2556,86.9,1287,547,309,220,211,244,90,409,1957,65.8
AP,2015,ALL,50+,336,2556,13.1,188,83,50,23,32,232,95,405,286,65.7
AP,2016,ALL,20-49,2077,2377,87.4,1256,607,278,185,186,212,66,386,1801,69.7
AP,2016,ALL,50+,300,2377,12.6,169,100,33,15,21,150,42,308,245,69
AP,2017,ALL,20-49,2239,2589,86.5,1239,586,301,180,172,216,69,386,1991,62.2
AP,2017,ALL,50+,350,2589,13.5,176,98,36,22,20,173,73,334,296,59.5
AP,2018,ALL,20-49,1845,2178,84.7,1013,438,267,163,145,235,89,387,1613,62.8
AP,2018,ALL,50+,333,2178,15.3,179,108,29,25,17,157,52,340,281,63.7
AP,2019,ALL,20-49,1857,2215,83.8,1084,482,283,165,154,234,81,386,1655,65.5
AP,2019,ALL,50+,358,2215,16.2,186,102,45,19,20,176,72,326,295,63.1
AP,2020,ALL,20-49,1292,1528,84.6,792,311,207,141,133,260,89,425,1131,70
AP,2020,ALL,50+,236,1528,15.4,150,88,30,16,16,164,60,312,209,71.8
AP,2021,ALL,20-49,1109,1385,80.1,613,297,136,82,98,212,68,405,975,62.9
AP,2021,ALL,50+,276,1385,19.9,157,93,32,14,18,157,65,278,236,66.5
AP,2022,ALL,20-49,1118,1369,81.7,644,304,159,78,103,210,80,376,1016,63.4
AP,2022,ALL,50+,251,1369,18.3,143,81,38,15,*,167,62,291,224,63.8
AP,2023,ALL,20-49,410,520,78.8,221,111,50,31,29,197,56,384,375,58.9
AP,2023,ALL,50+,110,520,21.2,53,32,11,*,*,143,83,323,98,54.1
AP,ALL,Male,20-49,25352,43283,58.6,14553,6997,3335,2152,2069,212,72,385,21305,68.3
AP,ALL,Male,50+,3742,43283,8.6,2084,1144,455,263,222,172,66,331,3027,68.8
AP,ALL,Female,20-49,12696,43283,29.3,7195,2745,1658,1236,1556,278,113,467,10549,68.2
AP,ALL,Female,50+,1493,43283,3.4,791,364,194,113,120,224,94,392,1221,64.8
AP,2006,Male,20-49,1625,2827,57.5,969,463,196,150,160,215,72,414,1368,70.8
AP,2006,Male,50+,180,2827,6.4,103,46,28,17,12,214,98,367,145,71
AP,2006,Female,20-49,967,2827,34.2,636,235,145,100,156,294,125,498,845,75.3
AP,2006,Female,50+,55,2827,1.9,30,15,*,*,*,204,90,346,46,65.2
AP,2007,Male,20-49,2150,3796,56.6,1248,604,264,206,174,212,82,396,1793,69.6
AP,2007,Male,50+,221,3796,5.8,114,48,26,24,16,231,106,400,182,62.6
AP,2007,Female,20-49,1332,3796,35.1,857,284,201,167,205,308,137,482,1175,72.9
AP,2007,Female,50+,93,3796,2.4,49,15,11,11,12,321,136,473,79,62
AP,2008,Male,20-49,2040,3483,58.6,947,427,218,144,158,230,88,410,1470,64.4
AP,2008,Male,50+,228,3483,6.5,116,57,28,17,14,203,73,358,162,71.6
AP,2008,Female,20-49,1130,3483,32.4,507,161,122,96,128,318,161,501,852,59.5
AP,2008,Female,50+,85,3483,2.4,34,11,*,*,*,262,150,410,62,54.8
AP,2009,Male,20-49,1652,2996,55.1,919,454,199,146,120,204,78,388,1295,71
AP,2009,Male,50+,207,2996,6.9,103,55,26,13,*,183,78,302,154,66.9
AP,2009,Female,20-49,1076,2996,35.9,590,200,131,121,138,314,140,483,871,67.7
AP,2009,Female,50+,61,2996,2,29,15,*,*,*,159,96,342,43,67.4
AP,2010,Male,20-49,1743,3177,54.9,1025,569,197,132,127,165,57,353,1413,72.5
AP,2010,Male,50+,241,3177,7.6,144,84,28,19,13,156,64,316,185,77.8
AP,2010,Female,20-49,1119,3177,35.2,700,260,171,111,158,282,115,479,937,74.7
AP,2010,Female,50+,74,3177,2.3,46,16,11,*,*,304,155,448,65,70.8
AP,2011,Male,20-49,1628,3070,53,967,545,203,114,105,167,59,324,1298,74.5
AP,2011,Male,50+,241,3070,7.9,150,87,35,11,17,144,65,312,191,78.5
AP,2011,Female,20-49,1118,3070,36.4,687,232,160,144,151,306,140,478,883,77.8
AP,2011,Female,50+,83,3070,2.7,49,24,13,*,*,207,78,311,60,81.7
AP,2012,Male,20-49,1452,2536,57.3,830,424,179,109,118,194,67,373,1189,69.8
AP,2012,Male,50+,206,2536,8.1,124,66,18,21,19,170,66,401,161,77
AP,2012,Female,20-49,792,2536,31.2,439,166,91,81,101,286,106,479,615,71.4
AP,2012,Female,50+,86,2536,3.4,45,19,14,*,*,235,102,352,62,72.6
AP,2013,Male,20-49,1360,2451,55.5,797,389,187,102,119,208,64,374,1125,70.8
AP,2013,Male,50+,220,2451,9,118,55,31,19,13,210,65,364,165,71.5
AP,2013,Female,20-49,775,2451,31.6,453,174,114,76,89,270,103,427,621,72.9
AP,2013,Female,50+,96,2451,3.9,55,26,*,*,11,220,84,442,73,75.3
AP,2014,Male,20-49,1289,2230,57.8,698,331,155,98,114,222,72,409,1076,64.9
AP,2014,Male,50+,209,2230,9.4,111,59,28,11,13,184,74,330,163,68.1
AP,2014,Female,20-49,633,2230,28.4,330,141,70,46,73,248,97,480,514,64.2
AP,2014,Female,50+,99,2230,4.4,54,25,13,*,*,223,77,396,80,67.5
AP,2015,Male,20-49,1607,2556,62.9,952,402,237,161,152,244,81,398,1441,66.1
AP,2015,Male,50+,237,2556,9.3,128,61,28,18,21,219,94,405,201,63.7
AP,2015,Female,20-49,613,2556,24,335,145,72,59,59,244,104,428,516,64.9
AP,2015,Female,50+,99,2556,3.9,60,22,22,*,11,249,126,400,85,70.6
AP,2016,Male,20-49,1539,2377,64.7,933,462,205,132,134,204,61,379,1336,69.8
AP,2016,Male,50+,212,2377,8.9,121,74,23,*,14,146,38,285,173,69.9
AP,2016,Female,20-49,538,2377,22.6,323,145,73,53,52,229,89,406,465,69.5
AP,2016,Female,50+,88,2377,3.7,48,26,*,*,*,167,62,351,72,66.7
AP,2017,Male,20-49,1634,2589,63.1,943,443,239,136,125,217,64,376,1467,64.3
AP,2017,Male,50+,235,2589,9.1,127,72,26,18,11,171,72,327,197,64.5
AP,2017,Female,20-49,605,2589,23.4,296,143,62,44,47,208,89,414,524,56.5
AP,2017,Female,50+,115,2589,4.4,49,26,*,*,*,178,73,364,99,49.5
AP,2018,Male,20-49,1390,2178,63.8,789,341,218,128,102,235,84,377,1219,64.7
AP,2018,Male,50+,230,2178,10.6,118,74,16,19,*,141,39,337,192,61.5
AP,2018,Female,20-49,455,2178,20.9,224,97,49,35,43,234,101,432,394,56.9
AP,2018,Female,50+,103,2178,4.7,61,34,13,*,*,175,98,342,89,68.5
AP,2019,Male,20-49,1365,2215,61.6,809,355,213,130,111,242,85,385,1218,66.4
AP,2019,Male,50+,247,2215,11.2,131,79,31,*,11,160,65,300,201,65.2
AP,2019,Female,20-49,492,2215,22.2,275,127,70,35,43,222,78,400,437,62.9
AP,2019,Female,50+,111,2215,5,55,23,14,*,*,280,109,400,94,58.5
AP,2020,Male,20-49,974,1528,63.7,629,249,163,117,100,259,83,421,869,72.4
AP,2020,Male,50+,182,1528,11.9,125,76,23,13,13,157,54,304,163,76.7
AP,2020,Female,20-49,318,1528,20.8,163,62,44,24,33,272,110,458,262,62.2
AP,2020,Female,50+,54,1528,3.5,25,12,*,*,*,221,122,344,46,54.3
AP,2021,Male,20-49,806,1385,58.2,458,228,102,64,64,202,62,396,723,63.3
AP,2021,Male,50+,197,1385,14.2,112,71,23,*,*,146,67,261,168,66.7
AP,2021,Female,20-49,303,1385,21.9,155,69,34,18,34,263,96,469,252,61.5
AP,2021,Female,50+,79,1385,5.7,45,22,*,*,*,212,50,484,68,66.2
AP,2022,Male,20-49,796,1369,58.1,472,223,127,56,66,210,76,356,729,64.7
AP,2022,Male,50+,176,1369,12.9,102,58,30,*,*,168,59,282,160,63.8
AP,2022,Female,20-49,322,1369,23.5,172,81,32,22,37,213,81,456,287,59.9
AP,2022,Female,50+,75,1369,5.5,41,23,*,*,*,162,90,317,64,64.1
AP,2023,Male,20-49,302,520,58.1,168,88,33,27,20,181,48,384,276,60.9
AP,2023,Male,50+,73,520,14,37,22,*,*,*,138,64,323,64,57.8
AP,2023,Female,20-49,108,520,20.8,53,23,17,*,*,214,93,341,99,53.5
AP,2023,Female,50+,37,520,7.1,16,*,*,*,*,174,139,307,34,47.1
CA,ALL,ALL,ALL,55708,55708,100,20753,6788,4958,3805,5202,308,156,501,49470,42
CA,2006,ALL,ALL,4972,4972,100,1383,617,325,181,260,232,114,425,4486,30.8
CA,2007,ALL,ALL,4746,4746,100,1576,440,409,271,456,324,185,536,4048,38.9
CA,2008,ALL,ALL,4532,4532,100,1558,475,371,312,400,325,176,506,3775,41.3
CA,2009,ALL,ALL,4731,4731,100,2035,536,535,408,556,334,191,524,4104,49.6
CA,2010,ALL,ALL,4638,4638,100,1838,540,469,323,506,318,171,528,4074,45.1
CA,2011,ALL,ALL,4295,4295,100,1891,634,446,366,445,307,156,484,3839,49.3
CA,2012,ALL,ALL,3823,3823,100,1971,682,480,394,415,297,145,466,3450,57.1
CA,2013,ALL,ALL,3225,3225,100,1621,554,366,289,412,303,147,505,2863,56.6
CA,2014,ALL,ALL,2999,2999,100,1136,336,277,199,324,324,162,560,2694,42.2
CA,2015,ALL,ALL,3351,3351,100,1525,556,324,276,369,285,133,496,3076,49.6
CA,2016,ALL,ALL,3838,3838,100,1658,592,350,316,400,304,133,494,3581,46.3
CA,2017,ALL,ALL,3297,3297,100,1164,402,273,209,280,301,148,495,3017,38.6
CA,2018,ALL,ALL,2384,2384,100,654,220,143,105,186,318,141,525,2091,31.3
CA,2019,ALL,ALL,1573,1573,100,264,83,60,44,77,336,171,542,1374,19.2
CA,2020,ALL,ALL,1240,1240,100,178,47,50,38,43,326,184,474,1120,15.9
CA,2021,ALL,ALL,1014,1014,100,154,35,43,40,36,348,215,498,970,15.9
CA,2022,ALL,ALL,766,766,100,146,39,36,34,37,338,193,506,723,20.2
CA,2023,ALL,ALL,284,284,100,*,*,*,*,*,*,*,*,185,*
CA,ALL,Male,ALL,19719,55708,35.4,7171,2572,1758,1282,1559,284,138,467,17596,40.8
CA,ALL,Female,ALL,35989,55708,64.6,13582,4216,3200,2523,3643,320,164,521,31874,42.6
CA,ALL,ALL,20-49,48907,55708,87.8,18637,5939,4421,3470,4807,315,159,509,43465,42.9
CA,ALL,ALL,50+,6801,55708,12.2,2116,849,537,335,395,250,130,435,6005,35.2
CA,2006,Male,ALL,1551,4972,31.2,420,213,95,44,68,199,96,369,1415,29.7
CA,2006,Female,ALL,3421,4972,68.8,963,404,230,137,192,249,124,440,3071,31.4
CA,2007,Male,ALL,1549,4746,32.6,501,159,130,84,128,298,160,508,1359,36.9
CA,2007,Female,ALL,3197,4746,67.4,1075,281,279,187,328,336,197,552,2689,40
CA,2008,Male,ALL,1539,4532,34,540,186,120,105,129,304,157,485,1296,41.7
CA,2008,Female,ALL,2993,4532,66,1018,289,251,207,271,336,183,522,2479,41.1
CA,2009,Male,ALL,1535,4731,32.4,612,191,166,129,126,310,162,456,1327,46.1
CA,2009,Female,ALL,3196,4731,67.6,1423,345,369,279,430,349,206,544,2777,51.2
CA,2010,Male,ALL,1511,4638,32.6,596,201,160,94,141,288,148,482,1315,45.3
CA,2010,Female,ALL,3127,4638,67.4,1242,339,309,229,365,337,184,555,2759,45
CA,2011,Male,ALL,1444,4295,33.6,618,241,156,103,118,262,122,432,1276,48.4
CA,2011,Female,ALL,2851,4295,66.4,1273,393,290,263,327,330,170,510,2563,49.7
CA,2012,Male,ALL,1278,3823,33.4,672,246,178,135,113,280,134,432,1151,58.4
CA,2012,Female,ALL,2545,3823,66.6,1299,436,302,259,302,307,148,484,2299,56.5
CA,2013,Male,ALL,1127,3225,34.9,583,222,134,99,128,279,124,470,1001,58.2
CA,2013,Female,ALL,2098,3225,65.1,1038,332,232,190,284,320,161,526,1862,55.7
CA,2014,Male,ALL,1062,2999,35.4,400,119,101,77,103,310,162,506,956,41.8
CA,2014,Female,ALL,1937,2999,64.6,736,217,176,122,221,326,163,585,1738,42.3
CA,2015,Male,ALL,1254,3351,37.4,566,214,131,95,126,273,132,477,1154,49
CA,2015,Female,ALL,2097,3351,62.6,959,342,193,181,243,302,134,501,1922,49.9
CA,2016,Male,ALL,1477,3838,38.5,637,238,127,130,142,291,125,480,1367,46.6
CA,2016,Female,ALL,2361,3838,61.5,1021,354,223,186,258,306,138,502,2214,46.1
CA,2017,Male,ALL,1287,3297,39,467,166,109,85,107,301,146,468,1198,39
CA,2017,Female,ALL,2010,3297,61,697,236,164,124,173,301,150,500,1819,38.3
CA,2018,Male,ALL,1013,2384,42.5,250,84,62,37,67,302,126,514,886,28.2
CA,2018,Female,ALL,1371,2384,57.5,404,136,81,68,119,323,150,543,1205,33.5
CA,2019,Male,ALL,716,1573,45.5,118,44,29,18,27,252,158,458,635,18.6
CA,2019,Female,ALL,857,1573,54.5,146,39,31,26,50,358,196,560,739,19.8
CA,2020,Male,ALL,507,1240,40.9,72,15,23,19,15,344,238,470,469,15.4
CA,2020,Female,ALL,733,1240,59.1,106,32,27,19,28,318,144,551,651,16.3
CA,2021,Male,ALL,449,1014,44.3,57,17,19,*,12,255,172,446,429,13.3
CA,2021,Female,ALL,565,1014,55.7,97,18,24,31,24,385,257,499,541,17.9
CA,2022,Male,ALL,305,766,39.8,62,16,18,19,*,314,195,454,288,21.5
CA,2022,Female,ALL,461,766,60.2,84,23,18,15,28,358,194,563,435,19.3
CA,2023,Male,ALL,115,284,40.5,0,,,,,,,,74,0
CA,2023,Female,ALL,169,284,59.5,*,*,*,*,*,*,*,*,111,*
CA,2006,ALL,20-49,4442,4972,89.3,1256,560,297,161,238,231,112,425,4009,31.3
CA,2006,ALL,50+,530,4972,10.7,127,57,28,20,22,240,128,416,477,26.6
CA,2007,ALL,20-49,4340,4746,91.4,1471,403,380,254,434,330,187,542,3694,39.8
CA,2007,ALL,50+,406,4746,8.6,105,37,29,17,22,268,158,440,354,29.7
CA,2008,ALL,20-49,4100,4532,90.5,1437,423,337,295,382,335,177,516,3414,42.1
CA,2008,ALL,50+,432,4532,9.5,121,52,34,17,18,226,138,403,361,33.5
CA,2009,ALL,20-49,4243,4731,89.7,1864,479,491,370,524,336,196,530,3686,50.6
CA,2009,ALL,50+,488,4731,10.3,171,57,44,38,32,305,154,437,418,40.9
CA,2010,ALL,20-49,4144,4638,89.3,1669,478,419,295,477,325,178,536,3636,45.9
CA,2010,ALL,50+,494,4638,10.7,169,62,50,28,29,254,130,425,438,38.6
CA,2011,ALL,20-49,3808,4295,88.7,1711,559,405,334,413,313,161,491,3388,50.5
CA,2011,ALL,50+,487,4295,11.3,180,75,41,32,32,236,120,440,451,39.9
CA,2012,ALL,20-49,3368,3823,88.1,1748,600,418,357,373,302,144,467,3030,57.7
CA,2012,ALL,50+,455,3823,11.9,223,82,62,37,42,253,153,426,420,53.1
CA,2013,ALL,20-49,2835,3225,87.9,1440,470,325,269,376,318,156,510,2535,56.8
CA,2013,ALL,50+,390,3225,12.1,181,84,41,20,36,243,95,417,328,55.2
CA,2014,ALL,20-49,2600,2999,86.7,1009,300,236,181,292,328,162,563,2330,43.3
CA,2014,ALL,50+,399,2999,13.3,127,36,41,18,32,265,170,505,364,34.9
CA,2015,ALL,20-49,2854,3351,85.2,1335,468,280,250,337,302,135,501,2620,51
CA,2015,ALL,50+,497,3351,14.8,190,88,44,26,32,220,126,426,456,41.7
CA,2016,ALL,20-49,3244,3838,84.5,1423,498,293,272,360,311,136,504,3037,46.9
CA,2016,ALL,50+,594,3838,15.5,235,94,57,44,40,254,115,440,544,43.2
CA,2017,ALL,20-49,2841,3297,86.2,1033,331,248,193,261,315,158,502,2617,39.5
CA,2017,ALL,50+,456,3297,13.8,131,71,25,16,19,181,92,374,400,32.8
CA,2018,ALL,20-49,2022,2384,84.8,555,184,116,91,164,322,142,536,1794,30.9
CA,2018,ALL,50+,362,2384,15.2,99,36,27,14,22,296,137,460,297,33.3
CA,2019,ALL,20-49,1326,1573,84.3,242,78,52,42,70,337,170,536,1180,20.5
CA,2019,ALL,50+,247,1573,15.7,22,*,*,*,*,290,208,634,194,11.3
CA,2020,ALL,20-49,1042,1240,84,169,43,48,37,41,332,194,474,946,17.9
CA,2020,ALL,50+,198,1240,16,*,*,*,*,*,*,*,*,174,*
CA,2021,ALL,20-49,848,1014,83.6,138,30,40,38,30,348,219,487,813,17
CA,2021,ALL,50+,166,1014,16.4,16,*,*,*,*,364,151,593,157,10.2
CA,2022,ALL,20-49,633,766,82.6,136,35,35,31,35,338,198,509,597,22.8
CA,2022,ALL,50+,133,766,17.4,*,*,*,*,*,*,*,*,126,*
CA,2023,ALL,20-49,217,284,76.4,*,*,*,*,*,*,*,*,139,*
CA,2023,ALL,50+,67,284,23.6,0,,,,,,,,46,0
CA,ALL,Male,20-49,16406,55708,29.4,6091,2102,1492,1119,1378,293,144,474,14723,41.4
CA,ALL,Male,50+,3313,55708,5.9,1080,470,266,163,181,234,112,413,2873,37.6
CA,ALL,Female,20-49,32501,55708,58.3,12546,3837,2929,2351,3429,325,166,526,28742,43.7
CA,ALL,Female,50+,3488,55708,6.3,1036,379,271,172,214,267,149,450,3132,33.1
CA,2006,Male,20-49,1308,4972,26.3,358,183,84,34,57,197,95,356,1193,30
CA,2006,Male,50+,243,4972,4.9,62,30,11,*,11,230,121,425,222,27.9
CA,2006,Female,20-49,3134,4972,63,898,377,213,127,181,250,124,443,2816,31.9
CA,2006,Female,50+,287,4972,5.8,65,27,17,*,11,240,152,395,255,25.5
CA,2007,Male,20-49,1363,4746,28.7,453,139,117,77,120,304,166,517,1201,37.7
CA,2007,Male,50+,186,4746,3.9,48,20,13,*,*,224,106,370,158,30.4
CA,2007,Female,20-49,2977,4746,62.7,1018,264,263,177,314,338,197,553,2493,40.8
CA,2007,Female,50+,220,4746,4.6,57,17,16,*,14,299,192,445,196,29.1
CA,2008,Male,20-49,1307,4532,28.8,465,151,103,93,118,319,160,503,1113,41.8
CA,2008,Male,50+,232,4532,5.1,75,35,17,12,11,212,136,404,183,41
CA,2008,Female,20-49,2793,4532,61.6,972,272,234,202,264,342,185,529,2301,42.2
CA,2008,Female,50+,200,4532,4.4,46,17,17,*,*,234,148,383,178,25.8
CA,2009,Male,20-49,1289,4731,27.2,527,162,144,107,114,311,164,460,1121,47
CA,2009,Male,50+,246,4731,5.2,85,29,22,22,12,305,141,432,206,41.3
CA,2009,Female,20-49,2954,4731,62.4,1337,317,347,263,410,354,208,550,2565,52.1
CA,2009,Female,50+,242,4731,5.1,86,28,22,16,20,302,171,438,212,40.6
CA,2010,Male,20-49,1264,4638,27.3,503,163,133,81,126,296,156,502,1101,45.7
CA,2010,Male,50+,247,4638,5.3,93,38,27,13,15,240,116,384,214,43.5
CA,2010,Female,20-49,2880,4638,62.1,1166,315,286,214,351,340,187,565,2535,46
CA,2010,Female,50+,247,4638,5.3,76,24,23,15,14,284,174,448,224,33.9
CA,2011,Male,20-49,1183,4295,27.5,516,192,137,87,100,265,128,432,1039,49.7
CA,2011,Male,50+,261,4295,6.1,102,49,19,16,18,218,94,439,237,43
CA,2011,Female,20-49,2625,4295,61.1,1195,367,268,247,313,333,170,516,2349,50.9
CA,2011,Female,50+,226,4295,5.3,78,26,22,16,14,274,155,437,214,36.4
CA,2012,Male,20-49,1056,3823,27.6,555,196,145,120,94,293,141,438,948,58.5
CA,2012,Male,50+,222,3823,5.8,117,50,33,15,19,240,118,391,203,57.6
CA,2012,Female,20-49,2312,3823,60.5,1193,404,273,237,279,308,145,486,2082,57.3
CA,2012,Female,50+,233,3823,6.1,106,32,29,22,23,291,190,467,217,48.8
CA,2013,Male,20-49,922,3225,28.6,484,173,111,91,109,292,129,479,834,58
CA,2013,Male,50+,205,3225,6.4,99,49,23,*,19,204,93,360,167,59.3
CA,2013,Female,20-49,1913,3225,59.3,956,297,214,178,267,326,167,528,1701,56.2
CA,2013,Female,50+,185,3225,5.7,82,35,18,12,17,265,123,458,161,50.9
CA,2014,Male,20-49,877,2999,29.2,339,98,84,69,88,324,168,507,787,43.1
CA,2014,Male,50+,185,2999,6.2,61,21,17,*,15,249,156,496,169,36.1
CA,2014,Female,20-49,1723,2999,57.5,670,202,152,112,204,330,162,586,1543,43.4
CA,2014,Female,50+,214,2999,7.1,66,15,24,*,17,286,217,507,195,33.8
CA,2015,Male,20-49,1010,3351,30.1,472,170,112,82,108,278,135,481,933,50.6
CA,2015,Male,50+,244,3351,7.3,94,44,19,13,18,223,102,416,221,42.5
CA,2015,Female,20-49,1844,3351,55,863,298,168,168,229,317,134,512,1687,51.2
CA,2015,Female,50+,253,3351,7.5,96,44,25,13,14,220,136,430,235,40.9
CA,2016,Male,20-49,1181,3838,30.8,521,188,99,108,126,313,136,493,1106,47.1
CA,2016,Male,50+,296,3838,7.7,116,50,28,22,16,236,111,426,261,44.4
CA,2016,Female,20-49,2063,3838,53.8,902,310,194,164,234,310,138,510,1931,46.7
CA,2016,Female,50+,298,3838,7.8,119,44,29,22,24,269,138,456,283,42
CA,2017,Male,20-49,1101,3297,33.4,413,134,98,79,102,322,155,498,1032,40
CA,2017,Male,50+,186,3297,5.6,54,32,11,*,*,164,74,309,166,32.5
CA,2017,Female,20-49,1740,3297,52.8,620,197,150,114,159,308,159,504,1585,39.1
CA,2017,Female,50+,270,3297,8.2,77,39,14,*,14,196,100,454,234,32.9
CA,2018,Male,20-49,849,2384,35.6,205,69,45,30,61,322,123,525,760,27
CA,2018,Male,50+,164,2384,6.9,45,15,17,*,*,285,145,397,126,35.7
CA,2018,Female,20-49,1173,2384,49.2,350,115,71,61,103,324,156,542,1034,33.8
CA,2018,Female,50+,198,2384,8.3,54,21,*,*,16,320,128,568,171,31.6
CA,2019,Male,20-49,595,1573,37.8,107,41,25,17,24,258,160,456,543,19.7
CA,2019,Male,50+,121,1573,7.7,11,*,*,*,*,246,156,548,92,12
CA,2019,Female,20-49,731,1573,46.5,135,37,27,25,46,360,196,558,637,21.2
CA,2019,Female,50+,126,1573,8,11,*,*,*,*,346,264,618,102,10.8
CA,2020,Male,20-49,416,1240,33.5,68,14,22,18,14,344,254,470,386,17.6
CA,2020,Male,50+,91,1240,7.3,*,*,*,*,*,*,*,*,83,*
CA,2020,Female,20-49,626,1240,50.5,101,29,26,19,27,320,150,552,560,18
CA,2020,Female,50+,107,1240,8.6,*,*,*,*,*,*,*,*,91,*
CA,2021,Male,20-49,366,1014,36.1,49,15,16,*,*,259,172,412,350,14
CA,2021,Male,50+,83,1014,8.2,*,*,*,*,*,*,*,*,79,*
CA,2021,Female,20-49,482,1014,47.5,89,15,24,30,20,382,260,499,463,19.2
CA,2021,Female,50+,83,1014,8.2,*,*,*,*,*,*,*,*,78,*
CA,2022,Male,20-49,238,766,31.1,56,14,17,18,*,314,191,454,224,25
CA,2022,Male,50+,67,766,8.7,*,*,*,*,*,*,*,*,64,*
CA,2022,Female,20-49,395,766,51.6,80,21,18,13,28,358,198,573,373,21.4
CA,2022,Female,50+,66,766,8.6,*,*,*,*,*,*,*,*,62,*
CA,2023,Male,20-49,81,284,28.5,0,,,,,,,,52,0
CA,2023,Male,50+,34,284,12,0,,,,,,,,22,0
CA,2023,Female,20-49,136,284,47.9,*,*,*,*,*,*,*,*,87,*
CA,2023,Female,50+,33,284,11.6,0,,,,,,,,24,0
CN,ALL,ALL,ALL,40596,40596,100,22123,8914,5427,3623,4159,257,109,434,37958,58.3
CN,2006,ALL,ALL,1834,1834,100,977,505,230,134,108,191,70,349,1741,56.1
CN,2007,ALL,ALL,2205,2205,100,1269,703,237,194,135,181,65,356,2077,61.1
CN,2008,ALL,ALL,2363,2363,100,1443,727,351,206,159,198,83,351,2248,64.2
CN,2009,ALL,ALL,2502,2502,100,1549,731,518,169,131,213,91,321,2394,64.7
CN,2010,ALL,ALL,2099,2099,100,1293,634,379,133,147,205,80,331,1987,65.1
CN,2011,ALL,ALL,2362,2362,100,1631,679,421,279,252,242,96,396,2207,73.9
CN,2012,ALL,ALL,2474,2474,100,1616,642,450,240,284,252,110,413,2282,70.8
CN,2013,ALL,ALL,2932,2932,100,1628,587,418,278,345,285,128,463,2776,58.6
CN,2014,ALL,ALL,2923,2923,100,1818,700,423,370,325,270,125,443,2715,67
CN,2015,ALL,ALL,2822,2822,100,1435,556,356,244,279,263,106,446,2563,56
CN,2016,ALL,ALL,2768,2768,100,1119,429,256,182,252,272,112,470,2484,45
CN,2017,ALL,ALL,3027,3027,100,1562,520,337,300,405,319,143,510,2836,55.1
CN,2018,ALL,ALL,2914,2914,100,1420,422,343,268,387,323,170,522,2825,50.3
CN,2019,ALL,ALL,2358,2358,100,1101,306,240,214,341,356,177,564,2280,48.3
CN,2020,ALL,ALL,1245,1245,100,698,210,140,130,218,348,170,543,1189,58.7
CN,2021,ALL,ALL,1135,1135,100,604,204,141,108,151,304,132,500,1049,57.6
CN,2022,ALL,ALL,1461,1461,100,632,235,120,109,168,297,116,520,1311,48.2
CN,2023,ALL,ALL,1148,1148,100,328,124,67,65,72,278,99,481,972,33.7
CN,2024,ALL,ALL,24,24,100,,,,,,,,,,
CN,ALL,Male,ALL,24499,40596,60.3,14011,5909,3339,2276,2487,249,97,424,22887,61.2
CN,ALL,Female,ALL,16097,40596,39.7,8112,3005,2088,1347,1672,272,129,452,15071,53.8
CN,ALL,ALL,20-49,35452,40596,87.3,19303,7595,4729,3253,3726,264,112,441,33178,58.2
CN,ALL,ALL,50+,5144,40596,12.7,2820,1319,698,370,433,216,91,375,4780,59
CN,2006,Male,ALL,1056,1834,57.6,608,331,137,79,61,174,62,335,991,61.4
CN,2006,Female,ALL,778,1834,42.4,369,174,93,55,47,214,87,363,750,49.2
CN,2007,Male,ALL,1229,2205,55.7,752,445,132,102,73,156,53,330,1144,65.7
CN,2007,Female,ALL,976,2205,44.3,517,258,105,92,62,209,90,377,933,55.4
CN,2008,Male,ALL,1311,2363,55.5,835,433,191,118,93,187,66,351,1234,67.7
CN,2008,Female,ALL,1052,2363,44.5,608,294,160,88,66,213,102,351,1014,60
CN,2009,Male,ALL,1381,2502,55.2,885,433,287,91,74,203,77,320,1298,68.2
CN,2009,Female,ALL,1121,2502,44.8,664,298,231,78,57,225,113,323,1096,60.6
CN,2010,Male,ALL,1194,2099,56.9,780,398,208,90,84,194,72,333,1128,69.1
CN,2010,Female,ALL,905,2099,43.1,513,236,171,43,63,218,104,330,859,59.7
CN,2011,Male,ALL,1357,2362,57.5,935,446,221,140,128,221,72,368,1270,73.6
CN,2011,Female,ALL,1005,2362,42.5,696,233,200,139,124,284,146,423,937,74.3
CN,2012,Male,ALL,1459,2474,59,972,432,250,135,155,230,90,397,1341,72.5
CN,2012,Female,ALL,1015,2474,41,644,210,200,105,129,281,150,439,941,68.4
CN,2013,Male,ALL,1703,2932,58.1,982,367,255,169,191,281,123,438,1609,61
CN,2013,Female,ALL,1229,2932,41.9,646,220,163,109,154,294,134,496,1167,55.4
CN,2014,Male,ALL,1708,2923,58.4,1076,465,255,201,155,244,102,414,1589,67.7
CN,2014,Female,ALL,1215,2923,41.6,742,235,168,169,170,308,156,487,1126,65.9
CN,2015,Male,ALL,1739,2822,61.6,918,379,216,160,163,253,93,430,1601,57.3
CN,2015,Female,ALL,1083,2822,38.4,517,177,140,84,116,277,148,477,962,53.7
CN,2016,Male,ALL,1748,2768,63.2,851,334,196,143,178,265,108,458,1565,54.4
CN,2016,Female,ALL,1020,2768,36.8,268,95,60,39,74,289,124,515,919,29.2
CN,2017,Male,ALL,1881,3027,62.1,1044,371,230,205,238,302,131,482,1774,58.9
CN,2017,Female,ALL,1146,3027,37.9,518,149,107,95,167,358,168,580,1062,48.8
CN,2018,Male,ALL,1891,2914,64.9,1034,310,274,203,247,312,171,489,1842,56.1
CN,2018,Female,ALL,1023,2914,35.1,386,112,69,65,140,380,169,590,983,39.3
CN,2019,Male,ALL,1586,2358,67.3,762,207,177,153,225,349,181,552,1528,49.9
CN,2019,Female,ALL,772,2358,32.7,339,99,63,61,116,383,160,612,752,45.1
CN,2020,Male,ALL,798,1245,64.1,428,137,79,79,133,344,153,536,759,56.4
CN,2020,Female,ALL,447,1245,35.9,270,73,61,51,85,356,187,563,430,62.8
CN,2021,Male,ALL,766,1135,67.5,441,151,99,84,107,301,126,494,714,61.8
CN,2021,Female,ALL,369,1135,32.5,163,53,42,24,44,313,136,526,335,48.7
CN,2022,Male,ALL,959,1461,65.6,482,181,94,79,128,294,115,518,880,54.8
CN,2022,Female,ALL,502,1461,34.4,150,54,26,30,40,310,121,519,431,34.8
CN,2023,Male,ALL,716,1148,62.4,226,89,38,45,54,288,96,493,604,37.4
CN,2023,Female,ALL,432,1148,37.6,102,35,29,20,18,271,113,458,368,27.7
CN,2024,Male,ALL,17,24,70.8,,,,,,,,,,
CN,2024,Female,ALL,*,24,*,,,,,,,,,,
CN,2006,ALL,20-49,1637,1834,89.3,866,436,203,127,100,200,71,360,1559,55.5
CN,2006,ALL,50+,197,1834,10.7,111,69,27,*,*,127,58,286,182,61
CN,2007,ALL,20-49,1916,2205,86.9,1105,600,209,174,122,184,64,363,1805,61.2
CN,2007,ALL,50+,289,2205,13.1,164,103,28,20,13,154,70,286,272,60.3
CN,2008,ALL,20-49,2077,2363,87.9,1248,631,300,181,136,198,80,352,1976,63.2
CN,2008,ALL,50+,286,2363,12.1,195,96,51,25,23,204,106,340,272,71.7
CN,2009,ALL,20-49,2204,2502,88.1,1344,622,452,153,117,218,93,325,2105,63.8
CN,2009,ALL,50+,298,2502,11.9,205,109,66,16,14,193,81,272,289,70.9
CN,2010,ALL,20-49,1870,2099,89.1,1145,550,333,126,136,211,86,340,1771,64.7
CN,2010,ALL,50+,229,2099,10.9,148,84,46,*,11,174,60,287,216,68.5
CN,2011,ALL,20-49,2040,2362,86.4,1409,565,362,254,228,252,101,409,1916,73.5
CN,2011,ALL,50+,322,2362,13.6,222,114,59,25,24,193,80,337,291,76.3
CN,2012,ALL,20-49,2151,2474,86.9,1398,541,390,217,250,257,112,416,1980,70.6
CN,2012,ALL,50+,323,2474,13.1,218,101,60,23,34,220,95,356,302,72.2
CN,2013,ALL,20-49,2581,2932,88,1452,514,377,252,309,288,131,467,2448,59.3
CN,2013,ALL,50+,351,2932,12,176,73,41,26,36,246,108,429,328,53.7
CN,2014,ALL,20-49,2511,2923,85.9,1546,588,358,318,282,278,125,448,2332,66.3
CN,2014,ALL,50+,412,2923,14.1,272,112,65,52,43,236,126,416,383,71
CN,2015,ALL,20-49,2440,2822,86.5,1225,467,301,223,234,271,111,448,2218,55.2
CN,2015,ALL,50+,382,2822,13.5,210,89,55,21,45,242,77,441,345,60.9
CN,2016,ALL,20-49,2396,2768,86.6,991,371,231,155,234,279,113,484,2140,46.3
CN,2016,ALL,50+,372,2768,13.4,128,58,25,27,18,232,104,418,344,37.2
CN,2017,ALL,20-49,2625,3027,86.7,1375,443,293,274,365,329,147,514,2449,56.1
CN,2017,ALL,50+,402,3027,13.3,187,77,44,26,40,252,130,442,387,48.3
CN,2018,ALL,20-49,2612,2914,89.6,1283,365,311,249,358,332,177,527,2537,50.6
CN,2018,ALL,50+,302,2914,10.4,137,57,32,19,29,245,99,457,288,47.6
CN,2019,ALL,20-49,2073,2358,87.9,965,256,210,193,306,367,188,567,2006,48.1
CN,2019,ALL,50+,285,2358,12.1,136,50,30,21,35,273,119,518,274,49.6
CN,2020,ALL,20-49,1079,1245,86.7,600,178,118,111,193,360,172,552,1033,58.1
CN,2020,ALL,50+,166,1245,13.3,98,32,22,19,25,306,167,506,156,62.8
CN,2021,ALL,20-49,987,1135,87,532,174,123,99,136,308,135,507,919,57.9
CN,2021,ALL,50+,148,1135,13,72,30,18,*,15,273,118,471,130,55.4
CN,2022,ALL,20-49,1262,1461,86.4,544,195,102,96,151,316,123,527,1139,47.8
CN,2022,ALL,50+,199,1461,13.6,88,40,18,13,17,222,103,390,172,51.2
CN,2023,ALL,20-49,973,1148,84.8,275,99,56,51,69,288,110,501,828,33.2
CN,2023,ALL,50+,175,1148,15.2,53,25,11,14,*,216,77,392,144,36.8
CN,2024,ALL,20-49,18,24,75,,,,,,,,,,
CN,2024,ALL,50+,*,24,*,,,,,,,,,,
CN,ALL,Male,20-49,21436,40596,52.8,12290,5060,2915,2064,2251,255,101,431,20054,61.3
CN,ALL,Male,50+,3063,40596,7.5,1721,849,424,212,236,204,80,356,2833,60.7
CN,ALL,Female,20-49,14016,40596,34.5,7013,2535,1814,1189,1475,279,131,459,13124,53.4
CN,ALL,Female,50+,2081,40596,5.1,1099,470,274,158,197,232,115,421,1947,56.4
CN,2006,Male,20-49,936,1834,51,539,291,117,74,57,180,64,341,885,60.9
CN,2006,Male,50+,120,1834,6.5,69,40,20,*,*,139,58,291,106,65.1
CN,2006,Female,20-49,701,1834,38.2,327,145,86,53,43,225,98,370,674,48.5
CN,2006,Female,50+,77,1834,4.2,42,29,*,*,*,102,55,265,76,55.3
CN,2007,Male,20-49,1043,2205,47.3,647,381,112,89,65,159,50,334,972,66.6
CN,2007,Male,50+,186,2205,8.4,105,64,20,13,*,145,66,310,172,61
CN,2007,Female,20-49,873,2205,39.6,458,219,97,85,57,222,90,392,833,55
CN,2007,Female,50+,103,2205,4.7,59,39,*,*,*,168,92,272,100,59
CN,2008,Male,20-49,1149,2363,48.6,725,377,160,104,84,186,64,356,1081,67.1
CN,2008,Male,50+,162,2363,6.9,110,56,31,14,*,198,96,316,153,71.9
CN,2008,Female,20-49,928,2363,39.3,523,254,140,77,52,213,100,349,895,58.4
CN,2008,Female,50+,124,2363,5.2,85,40,20,11,14,214,142,410,119,71.4
CN,2009,Male,20-49,1207,2502,48.2,767,372,246,82,67,205,76,324,1130,67.9
CN,2009,Male,50+,174,2502,7,118,61,41,*,*,194,81,273,168,70.2
CN,2009,Female,20-49,997,2502,39.8,577,250,206,71,50,230,119,330,975,59.2
CN,2009,Female,50+,124,2502,5,87,48,25,*,*,186,84,268,121,71.9
CN,2010,Male,20-49,1054,2099,50.2,691,347,183,85,76,199,74,337,997,69.3
CN,2010,Male,50+,140,2099,6.7,89,51,25,*,*,158,51,291,131,67.9
CN,2010,Female,20-49,816,2099,38.9,454,203,150,41,60,228,106,343,774,58.7
CN,2010,Female,50+,89,2099,4.2,59,33,21,*,*,176,74,263,85,69.4
CN,2011,Male,20-49,1165,2362,49.3,800,369,189,131,111,228,74,376,1094,73.1
CN,2011,Male,50+,192,2362,8.1,135,77,32,*,17,160,59,299,176,76.7
CN,2011,Female,20-49,875,2362,37,609,196,173,123,117,296,159,437,822,74.1
CN,2011,Female,50+,130,2362,5.5,87,37,27,16,*,214,106,353,115,75.7
CN,2012,Male,20-49,1265,2474,51.1,835,359,219,123,134,237,94,398,1159,72
CN,2012,Male,50+,194,2474,7.8,137,73,31,12,21,190,82,337,182,75.3
CN,2012,Female,20-49,886,2474,35.8,563,182,171,94,116,287,150,444,821,68.6
CN,2012,Female,50+,129,2474,5.2,81,28,29,11,13,253,166,376,120,67.5
CN,2013,Male,20-49,1506,2932,51.4,876,329,230,151,166,276,122,435,1424,61.5
CN,2013,Male,50+,197,2932,6.7,106,38,25,18,25,294,135,475,185,57.3
CN,2013,Female,20-49,1075,2932,36.7,576,185,147,101,143,307,153,499,1024,56.2
CN,2013,Female,50+,154,2932,5.3,70,35,16,*,11,201,79,368,143,49
CN,2014,Male,20-49,1469,2923,50.3,919,393,216,178,132,249,101,416,1369,67.1
CN,2014,Male,50+,239,2923,8.2,157,72,39,23,23,221,106,401,220,71.4
CN,2014,Female,20-49,1042,2923,35.6,627,195,142,140,150,324,160,495,963,65.1
CN,2014,Female,50+,173,2923,5.9,115,40,26,29,20,289,150,436,163,70.6
CN,2015,Male,20-49,1513,2822,53.6,793,322,184,144,143,259,98,436,1398,56.7
CN,2015,Male,50+,226,2822,8,125,57,32,16,20,232,72,392,203,61.6
CN,2015,Female,20-49,927,2822,32.8,432,145,117,79,91,287,154,472,820,52.7
CN,2015,Female,50+,156,2822,5.5,85,32,23,*,25,248,114,533,142,59.9
CN,2016,Male,20-49,1519,2768,54.9,761,292,178,124,167,272,112,464,1354,56.2
CN,2016,Male,50+,229,2768,8.3,90,42,18,19,11,216,85,399,211,42.7
CN,2016,Female,20-49,877,2768,31.7,230,79,53,31,67,302,115,522,786,29.3
CN,2016,Female,50+,143,2768,5.2,38,16,*,*,*,261,156,426,133,28.6
CN,2017,Male,20-49,1634,3027,54,927,318,203,189,217,315,138,490,1534,60.4
CN,2017,Male,50+,247,3027,8.2,117,53,27,16,21,243,113,417,240,48.8
CN,2017,Female,20-49,991,3027,32.7,448,125,90,85,148,371,177,595,915,49
CN,2017,Female,50+,155,3027,5.1,70,24,17,*,19,306,161,514,147,47.6
CN,2018,Male,20-49,1719,2914,59,947,267,252,194,234,320,179,498,1678,56.4
CN,2018,Male,50+,172,2914,5.9,87,43,22,*,13,207,76,353,164,53
CN,2018,Female,20-49,893,2914,30.6,336,98,59,55,124,380,167,597,859,39.1
CN,2018,Female,50+,130,2914,4.5,50,14,*,*,16,396,179,533,124,40.3
CN,2019,Male,20-49,1420,2358,60.2,686,175,156,144,211,365,195,558,1368,50.1
CN,2019,Male,50+,166,2358,7,76,32,21,*,14,242,99,379,160,47.5
CN,2019,Female,20-49,653,2358,27.7,279,81,54,49,95,382,160,626,638,43.7
CN,2019,Female,50+,119,2358,5,60,18,*,12,21,432,160,583,114,52.6
CN,2020,Male,20-49,696,1245,55.9,370,115,69,69,117,355,162,542,663,55.8
CN,2020,Male,50+,102,1245,8.2,58,22,*,*,16,299,96,520,96,60.4
CN,2020,Female,20-49,383,1245,30.8,230,63,49,42,76,360,187,584,370,62.2
CN,2020,Female,50+,64,1245,5.1,40,*,12,*,*,330,200,440,60,66.7
CN,2021,Male,20-49,671,1135,59.1,390,127,89,76,98,304,135,502,631,61.8
CN,2021,Male,50+,95,1135,8.4,51,24,*,*,*,203,90,392,83,61.4
CN,2021,Female,20-49,316,1135,27.8,142,47,34,23,38,318,135,522,288,49.3
CN,2021,Female,50+,53,1135,4.7,21,*,*,*,*,302,197,529,47,44.7
CN,2022,Male,20-49,839,1461,57.4,425,154,82,70,119,308,116,527,776,54.8
CN,2022,Male,50+,120,1461,8.2,57,27,12,*,*,220,96,362,104,54.8
CN,2022,Female,20-49,423,1461,29,119,41,20,26,32,334,136,529,363,32.8
CN,2022,Female,50+,79,1461,5.4,31,13,*,*,*,233,110,469,68,45.6
CN,2023,Male,20-49,617,1148,53.7,192,72,30,37,53,315,99,534,528,36.4
CN,2023,Male,50+,99,1148,8.6,34,17,*,*,*,206,96,369,76,44.7
CN,2023,Female,20-49,356,1148,31,83,27,26,14,16,272,120,468,300,27.7
CN,2023,Female,50+,76,1148,6.6,19,*,*,*,*,220,52,434,68,27.9
CN,2024,Male,20-49,14,24,58.3,,,,,,,,,,
CN,2024,Male,50+,*,24,*,,,,,,,,,,
CN,2024,Female,20-49,*,24,*,,,,,,,,,,
CN,2024,Female,50+,*,24,*,,,,,,,,,,
EA,ALL,ALL,ALL,307827,307827,100,177981,70973,40386,29287,37335,263,114,458,283052,62.9
EA,2006,ALL,ALL,27451,27451,100,17119,8797,3810,2182,2330,193,83,363,25865,66.2
EA,2007,ALL,ALL,28164,28164,100,20774,9246,4719,3123,3686,232,100,418,26554,78.2
EA,2008,ALL,ALL,23854,23854,100,16292,6978,3717,2336,3261,241,102,442,22585,72.1
EA,2009,ALL,ALL,23832,23832,100,16699,7112,3718,2575,3294,246,102,444,22591,73.9
EA,2010,ALL,ALL,23185,23185,100,17409,7010,3958,2829,3612,260,111,457,21834,79.7
EA,2011,ALL,ALL,22189,22189,100,16480,6448,3903,2751,3378,268,117,453,20640,79.8
EA,2012,ALL,ALL,21165,21165,100,16092,6200,3780,2733,3379,273,118,457,19595,82.1
EA,2013,ALL,ALL,17815,17815,100,11120,3794,2624,2182,2520,300,140,479,16444,67.6
EA,2014,ALL,ALL,17242,17242,100,9016,2802,2060,1779,2375,324,161,512,15969,56.5
EA,2015,ALL,ALL,15140,15140,100,8712,3027,2018,1710,1957,296,138,481,14157,61.5
EA,2016,ALL,ALL,13765,13765,100,6681,2255,1482,1294,1650,311,142,498,12862,51.9
EA,2017,ALL,ALL,12663,12663,100,4286,1488,913,788,1097,305,134,506,11557,37.1
EA,2018,ALL,ALL,12668,12668,100,3375,1052,716,639,968,334,154,534,11445,29.5
EA,2019,ALL,ALL,13086,13086,100,3958,1276,830,712,1140,329,147,537,11980,33
EA,2020,ALL,ALL,11668,11668,100,3421,1136,733,561,991,316,145,545,10140,33.7
EA,2021,ALL,ALL,9940,9940,100,2688,967,533,457,731,300,134,520,8633,31.1
EA,2022,ALL,ALL,10621,10621,100,2864,1024,627,465,748,290,138,513,8408,34.1
EA,2023,ALL,ALL,3379,3379,100,995,361,245,171,218,273,129,462,1793,55.5
EA,ALL,Male,ALL,109522,307827,35.6,63059,29613,14361,9452,9633,218,86,394,99460,63.4
EA,ALL,Female,ALL,198305,307827,64.4,114922,41360,26025,19835,27702,290,133,491,183592,62.6
EA,ALL,ALL,20-49,276599,307827,89.9,160067,62731,36104,26624,34608,268,116,465,254249,63
EA,ALL,ALL,50+,31228,307827,10.1,17914,8242,4282,2663,2727,222,101,392,28803,62.2
EA,2006,Male,ALL,8946,27451,32.6,5289,3161,1085,533,510,156,62,299,8300,63.7
EA,2006,Female,ALL,18505,27451,67.4,11830,5636,2725,1649,1820,214,96,388,17565,67.3
EA,2007,Male,ALL,9196,28164,32.7,6604,3439,1514,824,827,190,71,350,8505,77.6
EA,2007,Female,ALL,18968,28164,67.3,14170,5807,3205,2299,2859,253,115,449,18049,78.5
EA,2008,Male,ALL,8095,23854,33.9,5450,2772,1232,690,756,196,74,364,7521,72.5
EA,2008,Female,ALL,15759,23854,66.1,10842,4206,2485,1646,2505,270,119,480,15064,72
EA,2009,Male,ALL,8296,23832,34.8,5753,2953,1233,769,798,193,73,369,7748,74.3
EA,2009,Female,ALL,15536,23832,65.2,10946,4159,2485,1806,2496,275,123,479,14843,73.7
EA,2010,Male,ALL,8048,23185,34.7,5967,2946,1352,832,837,204,77,377,7467,79.9
EA,2010,Female,ALL,15137,23185,65.3,11442,4064,2606,1997,2775,292,133,492,14367,79.6
EA,2011,Male,ALL,7801,22189,35.2,5624,2671,1287,842,824,216,82,389,7138,78.8
EA,2011,Female,ALL,14388,22189,64.8,10856,3777,2616,1909,2554,294,141,484,13502,80.4
EA,2012,Male,ALL,7700,21165,36.4,5735,2576,1376,926,857,229,95,401,6993,82
EA,2012,Female,ALL,13465,21165,63.6,10357,3624,2404,1807,2522,299,137,494,12602,82.2
EA,2013,Male,ALL,6605,17815,37.1,4202,1631,1043,796,732,262,116,433,6030,69.7
EA,2013,Female,ALL,11210,17815,62.9,6918,2163,1581,1386,1788,325,157,510,10414,66.4
EA,2014,Male,ALL,6437,17242,37.3,3561,1294,879,664,724,279,138,452,5892,60.4
EA,2014,Female,ALL,10805,17242,62.7,5455,1508,1181,1115,1651,354,182,550,10077,54.1
EA,2015,Male,ALL,5694,15140,37.6,3413,1439,806,633,535,246,106,416,5267,64.8
EA,2015,Female,ALL,9446,15140,62.4,5299,1588,1212,1077,1422,329,160,516,8890,59.6
EA,2016,Male,ALL,5403,13765,39.3,2777,1116,633,503,525,268,110,440,5026,55.3
EA,2016,Female,ALL,8362,13765,60.7,3904,1139,849,791,1125,344,169,538,7836,49.8
EA,2017,Male,ALL,4960,12663,39.2,1768,750,396,314,308,242,104,425,4483,39.4
EA,2017,Female,ALL,7703,12663,60.8,2518,738,517,474,789,352,166,557,7074,35.6
EA,2018,Male,ALL,4816,12668,38,1385,526,316,243,300,278,123,463,4314,32.1
EA,2018,Female,ALL,7852,12668,62,1990,526,400,396,668,374,186,578,7131,27.9
EA,2019,Male,ALL,5091,13086,38.9,1601,622,343,292,344,277,107,465,4608,34.7
EA,2019,Female,ALL,7995,13086,61.1,2357,654,487,420,796,363,179,595,7372,32
EA,2020,Male,ALL,4418,11668,37.9,1332,557,298,202,275,255,103,452,3725,35.8
EA,2020,Female,ALL,7250,11668,62.1,2089,579,435,359,716,359,176,600,6415,32.6
EA,2021,Male,ALL,3791,9940,38.1,1091,508,222,158,203,230,98,422,3191,34.2
EA,2021,Female,ALL,6149,9940,61.9,1597,459,311,299,528,364,172,579,5442,29.3
EA,2022,Male,ALL,3124,10621,29.4,1138,479,255,180,224,240,102,451,2624,43.4
EA,2022,Female,ALL,7497,10621,70.6,1726,545,372,285,524,326,171,563,5784,29.8
EA,2023,Male,ALL,1101,3379,32.6,369,173,91,51,54,213,98,382,628,58.8
EA,2023,Female,ALL,2278,3379,67.4,626,188,154,120,164,322,163,508,1165,53.7
EA,2006,ALL,20-49,24972,27451,91,15501,7883,3440,2006,2172,196,84,369,23531,65.9
EA,2006,ALL,50+,2479,27451,9,1618,914,370,176,158,174,82,314,2334,69.3
EA,2007,ALL,20-49,25623,28164,91,18826,8285,4248,2869,3424,235,100,423,24157,77.9
EA,2007,ALL,50+,2541,28164,9,1948,961,471,254,262,203,95,363,2397,81.3
EA,2008,ALL,20-49,21659,23854,90.8,14812,6276,3341,2132,3063,245,103,450,20520,72.2
EA,2008,ALL,50+,2195,23854,9.2,1480,702,376,204,198,212,101,374,2065,71.7
EA,2009,ALL,20-49,21500,23832,90.2,15074,6300,3332,2362,3080,251,104,451,20406,73.9
EA,2009,ALL,50+,2332,23832,9.8,1625,812,386,213,214,201,91,358,2185,74.4
EA,2010,ALL,20-49,20825,23185,89.8,15595,6184,3517,2545,3349,265,112,464,19622,79.5
EA,2010,ALL,50+,2360,23185,10.2,1814,826,441,284,263,222,104,389,2212,82
EA,2011,ALL,20-49,19846,22189,89.4,14687,5650,3433,2487,3117,274,118,461,18430,79.7
EA,2011,ALL,50+,2343,22189,10.6,1793,798,470,264,261,230,108,381,2210,81.1
EA,2012,ALL,20-49,18999,21165,89.8,14455,5489,3379,2468,3119,277,121,463,17567,82.3
EA,2012,ALL,50+,2166,21165,10.2,1637,711,401,265,260,237,102,403,2028,80.7
EA,2013,ALL,20-49,16011,17815,89.9,10026,3318,2364,1983,2361,307,147,489,14771,67.9
EA,2013,ALL,50+,1804,17815,10.1,1094,476,260,199,159,242,106,405,1673,65.4
EA,2014,ALL,20-49,15630,17242,90.7,8231,2526,1853,1626,2226,329,162,519,14473,56.9
EA,2014,ALL,50+,1612,17242,9.3,785,276,207,153,149,284,152,445,1496,52.5
EA,2015,ALL,20-49,13534,15140,89.4,7840,2653,1830,1557,1800,302,142,485,12637,62
EA,2015,ALL,50+,1606,15140,10.6,872,374,188,153,157,248,112,439,1520,57.4
EA,2016,ALL,20-49,12248,13765,89,6021,1984,1336,1184,1517,317,146,503,11442,52.6
EA,2016,ALL,50+,1517,13765,11,660,271,146,110,133,268,116,444,1420,46.5
EA,2017,ALL,20-49,11276,12663,89,3798,1280,808,715,995,314,140,511,10279,36.9
EA,2017,ALL,50+,1387,12663,11,488,208,105,73,102,241,104,422,1278,38.2
EA,2018,ALL,20-49,11258,12668,88.9,2986,900,622,582,882,342,161,544,10137,29.5
EA,2018,ALL,50+,1410,12668,11.1,389,152,94,57,86,267,111,463,1308,29.7
EA,2019,ALL,20-49,11592,13086,88.6,3520,1094,738,642,1046,338,155,548,10610,33.2
EA,2019,ALL,50+,1494,13086,11.4,438,182,92,70,94,249,108,450,1370,32
EA,2020,ALL,20-49,10384,11668,89,3012,948,639,503,922,329,153,560,9046,33.3
EA,2020,ALL,50+,1284,11668,11,409,188,94,58,69,217,101,420,1094,37.4
EA,2021,ALL,20-49,8735,9940,87.9,2341,808,458,397,678,317,140,539,7589,30.8
EA,2021,ALL,50+,1205,9940,12.1,347,159,75,60,53,230,100,400,1044,33.2
EA,2022,ALL,20-49,9564,10621,90,2496,868,543,415,670,300,145,523,7513,33.2
EA,2022,ALL,50+,1057,10621,10,368,156,84,50,78,234,109,456,895,41.1
EA,2023,ALL,20-49,2943,3379,87.1,846,285,223,151,187,285,145,462,1519,55.7
EA,2023,ALL,50+,436,3379,12.9,149,76,22,20,31,196,100,461,274,54.4
EA,ALL,Male,20-49,94160,307827,30.6,54441,25283,12387,8236,8535,221,87,399,85539,63.6
EA,ALL,Male,50+,15362,307827,5,8618,4330,1974,1216,1098,199,85,365,13921,61.9
EA,ALL,Female,20-49,182439,307827,59.3,105626,37448,23717,18388,26073,295,135,497,168710,62.6
EA,ALL,Female,50+,15866,307827,5.2,9296,3912,2308,1447,1629,242,120,420,14882,62.5
EA,2006,Male,20-49,7749,27451,28.2,4536,2713,922,452,449,155,60,298,7177,63.2
EA,2006,Male,50+,1197,27451,4.4,753,448,163,81,61,160,72,301,1123,67.1
EA,2006,Female,20-49,17223,27451,62.7,10965,5170,2518,1554,1723,217,97,393,16354,67
EA,2006,Female,50+,1282,27451,4.7,865,466,207,95,97,188,92,326,1211,71.4
EA,2007,Male,20-49,7915,28164,28.1,5646,2927,1288,711,720,191,69,355,7315,77.2
EA,2007,Male,50+,1281,28164,4.5,958,512,226,113,107,183,77,332,1190,80.5
EA,2007,Female,20-49,17708,28164,62.9,13180,5358,2960,2158,2704,256,116,453,16842,78.3
EA,2007,Female,50+,1260,28164,4.5,990,449,245,141,155,224,108,398,1207,82
EA,2008,Male,20-49,6989,23854,29.3,4703,2388,1047,601,667,196,72,369,6493,72.4
EA,2008,Male,50+,1106,23854,4.6,747,384,185,89,89,192,86,328,1028,72.7
EA,2008,Female,20-49,14670,23854,61.5,10109,3888,2294,1531,2396,273,119,486,14027,72.1
EA,2008,Female,50+,1089,23854,4.6,733,318,191,115,109,231,118,399,1037,70.7
EA,2009,Male,20-49,7130,23832,29.9,4962,2522,1048,674,718,195,73,375,6669,74.4
EA,2009,Male,50+,1166,23832,4.9,791,431,185,95,80,178,78,332,1079,73.3
EA,2009,Female,20-49,14370,23832,60.3,10112,3778,2284,1688,2362,281,125,485,13737,73.6
EA,2009,Female,50+,1166,23832,4.9,834,381,201,118,134,220,109,389,1106,75.4
EA,2010,Male,20-49,6941,23185,29.9,5145,2515,1164,724,742,207,77,381,6446,79.8
EA,2010,Male,50+,1107,23185,4.8,822,431,188,108,95,188,85,349,1021,80.5
EA,2010,Female,20-49,13884,23185,59.9,10450,3669,2353,1821,2607,296,133,500,13176,79.3
EA,2010,Female,50+,1253,23185,5.4,992,395,253,176,168,254,129,429,1191,83.3
EA,2011,Male,20-49,6699,22189,30.2,4804,2248,1093,736,727,221,84,395,6116,78.5
EA,2011,Male,50+,1102,22189,5,820,423,194,106,97,192,76,345,1022,80.2
EA,2011,Female,20-49,13147,22189,59.3,9883,3402,2340,1751,2390,299,141,493,12314,80.3
EA,2011,Female,50+,1241,22189,5.6,973,375,276,158,164,250,138,405,1188,81.9
EA,2012,Male,20-49,6639,21165,31.4,4950,2219,1188,793,750,231,95,402,6019,82.2
EA,2012,Male,50+,1061,21165,5,785,357,188,133,107,221,91,391,974,80.6
EA,2012,Female,20-49,12360,21165,58.4,9505,3270,2191,1675,2369,303,139,499,11548,82.3
EA,2012,Female,50+,1105,21165,5.2,852,354,213,132,153,252,116,413,1054,80.8
EA,2013,Male,20-49,5725,17815,32.1,3682,1394,921,706,661,268,120,439,5228,70.4
EA,2013,Male,50+,880,17815,4.9,520,237,122,90,71,227,94,388,802,64.8
EA,2013,Female,20-49,10286,17815,57.7,6344,1924,1443,1277,1700,331,165,518,9543,66.5
EA,2013,Female,50+,924,17815,5.2,574,239,138,109,88,260,115,417,871,65.9
EA,2014,Male,20-49,5663,17242,32.8,3178,1144,783,583,668,281,138,458,5188,61.3
EA,2014,Male,50+,774,17242,4.5,383,150,96,81,56,258,136,410,704,54.4
EA,2014,Female,20-49,9967,17242,57.8,5053,1382,1070,1043,1558,361,184,558,9285,54.4
EA,2014,Female,50+,838,17242,4.9,402,126,111,72,93,307,171,479,792,50.8
EA,2015,Male,20-49,4949,15140,32.7,3026,1248,731,566,481,251,109,418,4584,66
EA,2015,Male,50+,745,15140,4.9,387,191,75,67,54,207,94,394,683,56.7
EA,2015,Female,20-49,8585,15140,56.7,4814,1405,1099,991,1319,334,166,522,8053,59.8
EA,2015,Female,50+,861,15140,5.7,485,183,113,86,103,275,131,471,837,57.9
EA,2016,Male,20-49,4671,13765,33.9,2458,971,562,451,474,271,114,443,4348,56.5
EA,2016,Male,50+,732,13765,5.3,319,145,71,52,51,227,87,405,678,47.1
EA,2016,Female,20-49,7577,13765,55,3563,1013,774,733,1043,349,175,541,7094,50.2
EA,2016,Female,50+,785,13765,5.7,341,126,75,58,82,299,137,482,742,46
EA,2017,Male,20-49,4269,12663,33.7,1516,628,345,276,267,252,105,430,3858,39.3
EA,2017,Male,50+,691,12663,5.5,252,122,51,38,41,209,95,389,625,40.3
EA,2017,Female,20-49,7007,12663,55.3,2282,652,463,439,728,360,174,560,6421,35.5
EA,2017,Female,50+,696,12663,5.5,236,86,54,35,61,298,118,508,653,36.1
EA,2018,Male,20-49,4089,12668,32.3,1179,443,269,217,250,282,124,462,3649,32.3
EA,2018,Male,50+,727,12668,5.7,206,83,47,26,50,260,102,490,665,31
EA,2018,Female,20-49,7169,12668,56.6,1807,457,353,365,632,382,199,593,6488,27.9
EA,2018,Female,50+,683,12668,5.4,183,69,47,31,36,271,114,452,643,28.5
EA,2019,Male,20-49,4342,13086,33.2,1381,531,292,251,307,282,109,478,3926,35.2
EA,2019,Male,50+,749,13086,5.7,220,91,51,41,37,253,89,408,682,32.3
EA,2019,Female,20-49,7250,13086,55.4,2139,563,446,391,739,371,192,602,6684,32
EA,2019,Female,50+,745,13086,5.7,218,91,41,29,57,240,121,516,688,31.7
EA,2020,Male,20-49,3731,11668,32,1106,444,245,179,238,266,110,461,3158,35
EA,2020,Male,50+,687,11668,5.9,226,113,53,23,37,201,79,399,567,39.9
EA,2020,Female,20-49,6653,11668,57,1906,504,394,324,684,374,188,610,5888,32.4
EA,2020,Female,50+,597,11668,5.1,183,75,41,35,32,236,124,440,527,34.7
EA,2021,Male,20-49,3184,9940,32,913,419,190,124,180,234,100,433,2682,34
EA,2021,Male,50+,607,9940,6.1,178,89,32,34,23,202,92,387,509,35
EA,2021,Female,20-49,5551,9940,55.8,1428,389,268,273,498,380,184,595,4907,29.1
EA,2021,Female,50+,598,9940,6,169,70,43,26,30,238,110,406,535,31.6
EA,2022,Male,20-49,2605,10621,24.5,964,400,217,150,197,243,104,454,2193,44
EA,2022,Male,50+,519,10621,4.9,174,79,38,30,27,212,94,407,431,40.4
EA,2022,Female,20-49,6959,10621,65.5,1532,468,326,265,473,334,181,572,5320,28.8
EA,2022,Female,50+,538,10621,5.1,194,77,46,20,51,248,121,505,464,41.8
EA,2023,Male,20-49,870,3379,25.7,292,129,82,42,39,224,101,377,490,59.6
EA,2023,Male,50+,231,3379,6.8,77,44,*,*,15,150,92,415,138,55.8
EA,2023,Female,20-49,2073,3379,61.3,554,156,141,109,148,324,180,517,1029,53.8
EA,2023,Female,50+,205,3379,6.1,72,32,13,11,16,240,110,478,136,52.9
NA-ACCORD,ALL,ALL,ALL,60680,60680,100,44602,10244,9278,9379,15701,392,216,595,60051,74.3
NA-ACCORD,2006,ALL,ALL,5346,5346,100,4022,1259,960,809,994,322,154,498,5305,75.8
NA-ACCORD,2007,ALL,ALL,5078,5078,100,3824,1113,940,795,976,327,172,504,5037,75.9
NA-ACCORD,2008,ALL,ALL,4879,4879,100,3553,954,854,698,1047,344,186,539,4843,73.4
NA-ACCORD,2009,ALL,ALL,5157,5157,100,3976,998,923,939,1116,362,200,526,5122,77.6
NA-ACCORD,2010,ALL,ALL,5610,5610,100,4326,1132,987,951,1256,356,192,534,5558,77.8
NA-ACCORD,2011,ALL,ALL,5124,5124,100,3690,812,740,810,1328,402,224,595,5092,72.5
NA-ACCORD,2012,ALL,ALL,4415,4415,100,3199,675,622,662,1240,418,229,622,4378,73.1
NA-ACCORD,2013,ALL,ALL,4278,4278,100,2933,599,516,634,1184,430,245,627,4249,69
NA-ACCORD,2014,ALL,ALL,4183,4183,100,2979,585,565,614,1215,433,251,647,4161,71.6
NA-ACCORD,2015,ALL,ALL,3929,3929,100,2643,474,474,585,1110,445,266,651,3738,70.7
NA-ACCORD,2016,ALL,ALL,2793,2793,100,2079,353,385,424,917,459,265,672,2780,74.8
NA-ACCORD,2017,ALL,ALL,2692,2692,100,1970,348,341,373,908,473,279,688,2682,73.5
NA-ACCORD,2018,ALL,ALL,2718,2718,100,2056,321,350,434,951,467,287,684,2699,76.2
NA-ACCORD,2019,ALL,ALL,2398,2398,100,1809,310,334,362,803,458,268,688,2385,75.8
NA-ACCORD,2020,ALL,ALL,1321,1321,100,940,181,179,166,414,446,248,672,1306,72
NA-ACCORD,2021,ALL,ALL,759,759,100,603,130,108,123,242,425,228,656,716,84.2
NA-ACCORD,ALL,Male,ALL,51364,60680,84.6,37786,8625,7843,8074,13244,393,217,592,50821,74.4
NA-ACCORD,ALL,Female,ALL,9316,60680,15.4,6816,1619,1435,1305,2457,390,211,612,9230,73.8
NA-ACCORD,ALL,ALL,20-49,42588,60680,70.2,32336,6945,6759,7144,11488,399,230,594,42341,76.4
NA-ACCORD,ALL,ALL,50+,18092,60680,29.8,12266,3299,2519,2235,4213,372,185,599,17710,69.3
NA-ACCORD,2006,Male,ALL,4444,5346,83.1,3379,1068,803,678,830,320,154,496,4407,76.7
NA-ACCORD,2006,Female,ALL,902,5346,16.9,643,191,157,131,164,325,160,504,898,71.6
NA-ACCORD,2007,Male,ALL,4212,5078,82.9,3204,939,789,663,813,326,170,503,4174,76.8
NA-ACCORD,2007,Female,ALL,866,5078,17.1,620,174,151,132,163,336,179,507,863,71.8
NA-ACCORD,2008,Male,ALL,4022,4879,82.4,2959,797,718,587,857,343,185,532,3989,74.2
NA-ACCORD,2008,Female,ALL,857,4879,17.6,594,157,136,111,190,360,189,570,854,69.6
NA-ACCORD,2009,Male,ALL,4351,5157,84.4,3360,859,770,791,940,360,196,525,4319,77.8
NA-ACCORD,2009,Female,ALL,806,5157,15.6,616,139,153,148,176,370,224,530,803,76.7
NA-ACCORD,2010,Male,ALL,4690,5610,83.6,3624,945,815,825,1039,358,192,530,4639,78.1
NA-ACCORD,2010,Female,ALL,920,5610,16.4,702,187,172,126,217,344,189,553,919,76.4
NA-ACCORD,2011,Male,ALL,4298,5124,83.9,3086,670,624,692,1100,402,225,593,4268,72.3
NA-ACCORD,2011,Female,ALL,826,5124,16.1,604,142,116,118,228,400,218,601,824,73.3
NA-ACCORD,2012,Male,ALL,3824,4415,86.6,2774,571,534,598,1071,419,234,614,3790,73.2
NA-ACCORD,2012,Female,ALL,591,4415,13.4,425,104,88,64,169,400,208,659,588,72.3
NA-ACCORD,2013,Male,ALL,3658,4278,85.5,2526,500,454,552,1020,432,252,624,3630,69.6
NA-ACCORD,2013,Female,ALL,620,4278,14.5,407,99,62,82,164,422,209,652,619,65.8
NA-ACCORD,2014,Male,ALL,3635,4183,86.9,2591,500,492,545,1054,434,253,641,3617,71.6
NA-ACCORD,2014,Female,ALL,548,4183,13.1,388,85,73,69,161,428,230,680,544,71.3
NA-ACCORD,2015,Male,ALL,3382,3929,86.1,2271,403,401,515,952,448,273,650,3235,70.2
NA-ACCORD,2015,Female,ALL,547,3929,13.9,372,71,73,70,158,436,240,668,503,74
NA-ACCORD,2016,Male,ALL,2419,2793,86.6,1784,302,328,370,784,458,267,670,2408,74.1
NA-ACCORD,2016,Female,ALL,374,2793,13.4,295,51,57,54,133,464,256,706,372,79.3
NA-ACCORD,2017,Male,ALL,2353,2692,87.4,1712,302,296,333,781,467,279,680,2343,73.1
NA-ACCORD,2017,Female,ALL,339,2692,12.6,258,46,45,40,127,500,274,742,339,76.1
NA-ACCORD,2018,Male,ALL,2343,2718,86.2,1749,269,293,372,815,473,289,685,2324,75.3
NA-ACCORD,2018,Female,ALL,375,2718,13.8,307,52,57,62,136,451,276,674,375,81.9
NA-ACCORD,2019,Male,ALL,2053,2398,85.6,1516,246,286,316,668,458,276,674,2040,74.3
NA-ACCORD,2019,Female,ALL,345,2398,14.4,293,64,48,46,135,472,222,737,345,84.9
NA-ACCORD,2020,Male,ALL,1108,1321,83.9,789,153,155,143,338,440,245,660,1094,72.1
NA-ACCORD,2020,Female,ALL,213,1321,16.1,151,28,24,23,76,501,251,730,212,71.2
NA-ACCORD,2021,Male,ALL,572,759,75.4,462,101,85,94,182,418,225,662,544,84.9
NA-ACCORD,2021,Female,ALL,187,759,24.6,141,29,23,29,60,438,234,654,172,82
NA-ACCORD,2006,ALL,20-49,4114,5346,77,3135,944,770,648,773,325,160,498,4098,76.5
NA-ACCORD,2006,ALL,50+,1232,5346,23,887,315,190,161,221,301,133,498,1207,73.5
NA-ACCORD,2007,ALL,20-49,3821,5078,75.2,2926,805,733,630,758,336,182,507,3813,76.7
NA-ACCORD,2007,ALL,50+,1257,5078,24.8,898,308,207,165,218,298,140,490,1224,73.4
NA-ACCORD,2008,ALL,20-49,3518,4879,72.1,2623,668,626,547,782,356,196,541,3509,74.8
NA-ACCORD,2008,ALL,50+,1361,4879,27.9,930,286,228,151,265,310,164,530,1334,69.7
NA-ACCORD,2009,ALL,20-49,3787,5157,73.4,3003,701,724,747,831,365,212,521,3779,79.5
NA-ACCORD,2009,ALL,50+,1370,5157,26.6,973,297,199,192,285,339,155,545,1343,72.4
NA-ACCORD,2010,ALL,20-49,4016,5610,71.6,3203,796,726,728,953,363,202,540,4004,80
NA-ACCORD,2010,ALL,50+,1594,5610,28.4,1123,336,261,223,303,331,169,514,1554,72.3
NA-ACCORD,2011,ALL,20-49,3596,5124,70.2,2654,523,531,615,985,412,254,599,3589,73.9
NA-ACCORD,2011,ALL,50+,1528,5124,29.8,1036,289,209,195,343,374,181,580,1503,68.9
NA-ACCORD,2012,ALL,20-49,3048,4415,69,2263,428,417,523,895,431,256,624,3040,74.4
NA-ACCORD,2012,ALL,50+,1367,4415,31,936,247,205,139,345,364,190,613,1338,70
NA-ACCORD,2013,ALL,20-49,2929,4278,68.5,2052,383,347,458,864,443,267,635,2922,70.2
NA-ACCORD,2013,ALL,50+,1349,4278,31.5,881,216,169,176,320,392,208,595,1327,66.4
NA-ACCORD,2014,ALL,20-49,2911,4183,69.6,2133,388,406,461,878,438,263,646,2907,73.4
NA-ACCORD,2014,ALL,50+,1272,4183,30.4,846,197,159,153,337,414,216,652,1254,67.5
NA-ACCORD,2015,ALL,20-49,2690,3929,68.5,1865,288,329,435,813,459,289,662,2560,72.9
NA-ACCORD,2015,ALL,50+,1239,3929,31.5,778,186,145,150,297,416,213,611,1178,66
NA-ACCORD,2016,ALL,20-49,1809,2793,64.8,1419,212,249,309,649,469,288,670,1807,78.5
NA-ACCORD,2016,ALL,50+,984,2793,35.2,660,141,136,115,268,426,231,675,973,67.8
NA-ACCORD,2017,ALL,20-49,1724,2692,64,1346,212,233,270,631,480,297,688,1723,78.1
NA-ACCORD,2017,ALL,50+,968,2692,36,624,136,108,103,277,448,228,688,959,65.1
NA-ACCORD,2018,ALL,20-49,1708,2718,62.8,1377,200,227,297,653,477,300,687,1704,80.8
NA-ACCORD,2018,ALL,50+,1010,2718,37.2,679,121,123,137,298,448,261,680,995,68.2
NA-ACCORD,2019,ALL,20-49,1491,2398,62.2,1228,193,227,257,551,464,282,676,1490,82.4
NA-ACCORD,2019,ALL,50+,907,2398,37.8,581,117,107,105,252,444,232,707,895,64.9
NA-ACCORD,2020,ALL,20-49,868,1321,65.7,651,106,126,126,293,458,271,660,864,75.3
NA-ACCORD,2020,ALL,50+,453,1321,34.3,289,75,53,40,121,413,195,714,442,65.4
NA-ACCORD,2021,ALL,20-49,558,759,73.5,458,98,88,93,179,424,222,614,532,86.1
NA-ACCORD,2021,ALL,50+,201,759,26.5,145,32,20,30,63,430,254,741,184,78.8
NA-ACCORD,ALL,Male,20-49,35599,60680,58.7,27206,5740,5652,6122,9692,400,233,594,35398,76.9
NA-ACCORD,ALL,Male,50+,15765,60680,26,10580,2885,2191,1952,3552,367,182,589,15423,68.6
NA-ACCORD,ALL,Female,20-49,6989,60680,11.5,5130,1205,1107,1022,1796,388,213,599,6943,73.9
NA-ACCORD,ALL,Female,50+,2327,60680,3.8,1686,414,328,283,661,404,204,645,2287,73.7
NA-ACCORD,2006,Male,20-49,3359,5346,62.8,2606,784,636,541,645,325,162,500,3345,77.9
NA-ACCORD,2006,Male,50+,1085,5346,20.3,773,284,167,137,185,291,131,491,1062,72.8
NA-ACCORD,2006,Female,20-49,755,5346,14.1,529,160,134,107,128,323,154,494,753,70.3
NA-ACCORD,2006,Female,50+,147,5346,2.7,114,31,23,24,36,380,172,558,145,78.6
NA-ACCORD,2007,Male,20-49,3108,5078,61.2,2417,661,614,520,622,335,183,505,3102,77.9
NA-ACCORD,2007,Male,50+,1104,5078,21.7,787,278,175,143,191,288,138,490,1072,73.4
NA-ACCORD,2007,Female,20-49,713,5078,14,509,144,119,110,136,338,176,510,711,71.6
NA-ACCORD,2007,Female,50+,153,5078,3,111,30,32,22,27,325,193,488,152,73
NA-ACCORD,2008,Male,20-49,2826,4879,57.9,2142,538,520,459,625,355,200,533,2819,76
NA-ACCORD,2008,Male,50+,1196,4879,24.5,817,259,198,128,232,304,154,529,1170,69.8
NA-ACCORD,2008,Female,20-49,692,4879,14.2,481,130,106,88,157,360,181,570,690,69.7
NA-ACCORD,2008,Female,50+,165,4879,3.4,113,27,30,23,33,340,210,553,164,68.9
NA-ACCORD,2009,Male,20-49,3147,5157,61,2513,595,595,631,692,365,209,520,3139,80.1
NA-ACCORD,2009,Male,50+,1204,5157,23.3,847,264,175,160,248,334,153,545,1180,71.8
NA-ACCORD,2009,Female,20-49,640,5157,12.4,490,106,129,116,139,368,228,530,640,76.6
NA-ACCORD,2009,Female,50+,166,5157,3.2,126,33,24,32,37,376,172,541,163,77.3
NA-ACCORD,2010,Male,20-49,3322,5610,59.2,2669,659,592,627,791,365,203,538,3310,80.6
NA-ACCORD,2010,Male,50+,1368,5610,24.4,955,286,223,198,248,330,168,508,1329,71.9
NA-ACCORD,2010,Female,20-49,694,5610,12.4,534,137,134,101,162,344,196,546,694,76.9
NA-ACCORD,2010,Female,50+,226,5610,4,168,50,38,25,55,340,173,585,225,74.7
NA-ACCORD,2011,Male,20-49,2979,5124,58.1,2197,421,441,525,810,413,260,601,2972,73.9
NA-ACCORD,2011,Male,50+,1319,5124,25.7,889,249,183,167,290,368,176,567,1296,68.6
NA-ACCORD,2011,Female,20-49,617,5124,12,457,102,90,90,175,399,237,593,617,74.1
NA-ACCORD,2011,Female,50+,209,5124,4.1,147,40,26,28,53,408,195,640,207,71
NA-ACCORD,2012,Male,20-49,2608,4415,59.1,1949,354,352,466,777,433,265,622,2602,74.9
NA-ACCORD,2012,Male,50+,1216,4415,27.5,825,217,182,132,294,363,190,600,1188,69.4
NA-ACCORD,2012,Female,20-49,440,4415,10,314,74,65,57,118,403,220,640,438,71.7
NA-ACCORD,2012,Female,50+,151,4415,3.4,111,30,23,*,51,368,184,739,150,74
NA-ACCORD,2013,Male,20-49,2481,4278,58,1758,313,303,398,744,444,277,631,2475,71
NA-ACCORD,2013,Male,50+,1177,4278,27.5,768,187,151,154,276,394,208,591,1155,66.5
NA-ACCORD,2013,Female,20-49,448,4278,10.5,294,70,44,60,120,429,214,663,447,65.8
NA-ACCORD,2013,Female,50+,172,4278,4,113,29,18,22,44,390,200,617,172,65.7
NA-ACCORD,2014,Male,20-49,2529,4183,60.5,1853,330,355,405,763,438,266,640,2525,73.4
NA-ACCORD,2014,Male,50+,1106,4183,26.4,738,170,137,140,291,414,222,644,1092,67.6
NA-ACCORD,2014,Female,20-49,382,4183,9.1,280,58,51,56,115,435,245,672,382,73.3
NA-ACCORD,2014,Female,50+,166,4183,4,108,27,22,13,46,402,200,704,162,66.7
NA-ACCORD,2015,Male,20-49,2299,3929,58.5,1594,237,273,384,700,461,298,660,2195,72.6
NA-ACCORD,2015,Male,50+,1083,3929,27.6,677,166,128,131,252,412,204,611,1040,65.1
NA-ACCORD,2015,Female,20-49,391,3929,10,271,51,56,51,113,429,243,684,365,74.2
NA-ACCORD,2015,Female,50+,156,3929,4,101,20,17,19,45,455,233,634,138,73.2
NA-ACCORD,2016,Male,20-49,1564,2793,56,1225,179,218,271,557,467,293,670,1563,78.4
NA-ACCORD,2016,Male,50+,855,2793,30.6,559,123,110,99,227,421,228,670,845,66.2
NA-ACCORD,2016,Female,20-49,245,2793,8.8,194,33,31,38,92,478,268,718,244,79.5
NA-ACCORD,2016,Female,50+,129,2793,4.6,101,18,26,16,41,445,247,687,128,78.9
NA-ACCORD,2017,Male,20-49,1494,2692,55.5,1170,179,200,237,554,481,301,690,1493,78.4
NA-ACCORD,2017,Male,50+,859,2692,31.9,542,123,96,96,227,435,221,656,850,63.8
NA-ACCORD,2017,Female,20-49,230,2692,8.5,176,33,33,33,77,470,280,672,230,76.5
NA-ACCORD,2017,Female,50+,109,2692,4,82,13,12,*,50,606,268,854,109,75.2
NA-ACCORD,2018,Male,20-49,1457,2718,53.6,1172,174,186,254,558,479,300,683,1453,80.7
NA-ACCORD,2018,Male,50+,886,2718,32.6,577,95,107,118,257,451,271,689,871,66.2
NA-ACCORD,2018,Female,20-49,251,2718,9.2,205,26,41,43,95,459,301,737,251,81.7
NA-ACCORD,2018,Female,50+,124,2718,4.6,102,26,16,19,41,436,198,620,124,82.3
NA-ACCORD,2019,Male,20-49,1264,2398,52.7,1029,152,189,221,467,467,294,675,1263,81.5
NA-ACCORD,2019,Male,50+,789,2398,32.9,487,94,97,95,201,432,240,672,777,62.7
NA-ACCORD,2019,Female,20-49,227,2398,9.5,199,41,38,36,84,414,225,680,227,87.7
NA-ACCORD,2019,Female,50+,118,2398,4.9,94,23,*,*,51,559,204,838,118,79.7
NA-ACCORD,2020,Male,20-49,727,1321,55,549,87,106,109,247,460,278,652,724,75.8
NA-ACCORD,2020,Male,50+,381,1321,28.8,240,66,49,34,91,371,190,662,370,64.9
NA-ACCORD,2020,Female,20-49,141,1321,10.7,102,19,20,17,46,452,249,680,140,72.9
NA-ACCORD,2020,Female,50+,72,1321,5.5,49,*,*,*,30,559,348,768,72,68.1
NA-ACCORD,2021,Male,20-49,435,759,57.3,363,77,72,74,140,419,226,610,418,86.8
NA-ACCORD,2021,Male,50+,137,759,18.1,99,24,13,20,42,415,230,752,126,78.6
NA-ACCORD,2021,Female,20-49,123,759,16.2,95,21,16,19,39,434,217,640,114,83.3
NA-ACCORD,2021,Female,50+,64,759,8.4,46,*,*,*,21,464,270,732,58,79.3
SA,ALL,ALL,ALL,943359,943359,100,375146,158742,102285,57582,56537,239,121,395,917463,40.9
SA,2006,ALL,ALL,36386,36386,100,16524,10420,3887,1317,900,154,76,259,35372,46.7
SA,2007,ALL,ALL,44412,44412,100,21687,12757,5217,2125,1588,168,84,287,43258,50.1
SA,2008,ALL,ALL,46360,46360,100,24502,14036,6331,2397,1738,173,86,289,45132,54.3
SA,2009,ALL,ALL,53750,53750,100,27727,15496,7149,2891,2191,178,91,300,52431,52.9
SA,2010,ALL,ALL,55461,55461,100,28603,14735,7787,3379,2702,194,102,324,54276,52.7
SA,2011,ALL,ALL,57260,57260,100,30536,14318,9326,3812,3080,213,113,336,56165,54.4
SA,2012,ALL,ALL,54599,54599,100,28183,12016,9406,3679,3082,232,124,345,53417,52.8
SA,2013,ALL,ALL,57493,57493,100,27382,11090,8512,4008,3772,247,129,375,56154,48.8
SA,2014,ALL,ALL,61389,61389,100,28279,10235,8198,5134,4712,271,144,423,60108,47
SA,2015,ALL,ALL,62562,62562,100,27305,9355,7545,5791,4614,286,149,435,61309,44.5
SA,2016,ALL,ALL,66360,66360,100,26735,8634,6793,5658,5650,303,157,468,64849,41.2
SA,2017,ALL,ALL,80920,80920,100,27540,7963,7039,5521,7017,326,176,505,79311,34.7
SA,2018,ALL,ALL,78331,78331,100,22994,6540,5924,4639,5891,325,179,506,76465,30.1
SA,2019,ALL,ALL,62834,62834,100,13957,3978,3565,2789,3625,327,179,512,60931,22.9
SA,2020,ALL,ALL,51338,51338,100,9012,2603,2181,1806,2422,330,178,519,49501,18.2
SA,2021,ALL,ALL,37266,37266,100,6294,1915,1559,1195,1625,317,165,507,35456,17.8
SA,2022,ALL,ALL,25090,25090,100,5435,1814,1275,974,1372,303,167,503,22757,23.9
SA,2023,ALL,ALL,11177,11177,100,2432,834,584,463,551,295,148,481,10378,23.4
SA,2024,ALL,ALL,371,371,100,19,*,*,*,*,344,250,514,193,9.8
SA,ALL,Male,ALL,356494,943359,37.8,145903,72481,39602,19223,14597,202,99,338,345834,42.2
SA,ALL,Female,ALL,586865,943359,62.2,229243,86261,62683,38359,41940,265,140,432,571629,40.1
SA,ALL,ALL,20-49,858129,943359,91,342197,143481,92938,53226,52552,241,122,398,835226,41
SA,ALL,ALL,50+,85230,943359,9,32949,15261,9347,4356,3985,216,114,353,82237,40.1
SA,2006,Male,ALL,13728,36386,37.7,6426,4268,1477,409,272,140,65,242,13269,48.4
SA,2006,Female,ALL,22658,36386,62.3,10098,6152,2410,908,628,163,83,269,22103,45.7
SA,2007,Male,ALL,16770,44412,37.8,8412,5340,1995,692,385,149,72,256,16188,52
SA,2007,Female,ALL,27642,44412,62.2,13275,7417,3222,1433,1203,180,93,308,27070,49
SA,2008,Male,ALL,17621,46360,38,9679,6070,2342,799,468,154,74,257,17027,56.8
SA,2008,Female,ALL,28739,46360,62,14823,7966,3989,1598,1270,187,94,309,28105,52.7
SA,2009,Male,ALL,20490,53750,38.1,10956,6810,2641,913,592,155,75,264,19907,55
SA,2009,Female,ALL,33260,53750,61.9,16771,8686,4508,1978,1599,193,103,322,32524,51.6
SA,2010,Male,ALL,20981,55461,37.8,11225,6451,2942,1125,707,172,87,287,20418,55
SA,2010,Female,ALL,34480,55461,62.2,17378,8284,4845,2254,1995,211,113,347,33858,51.3
SA,2011,Male,ALL,21581,57260,37.7,11903,6330,3451,1286,836,188,94,304,21061,56.5
SA,2011,Female,ALL,35679,57260,62.3,18633,7988,5875,2526,2244,231,128,354,35104,53.1
SA,2012,Male,ALL,20956,54599,38.4,11215,5529,3478,1300,908,204,101,319,20467,54.8
SA,2012,Female,ALL,33643,54599,61.6,16968,6487,5928,2379,2174,249,142,362,32950,51.5
SA,2013,Male,ALL,21569,57493,37.5,10494,5124,3113,1346,911,205,103,330,20956,50.1
SA,2013,Female,ALL,35924,57493,62.5,16888,5966,5399,2662,2861,270,150,409,35198,48
SA,2014,Male,ALL,22114,61389,36,10742,4826,3210,1624,1082,224,114,352,21608,49.7
SA,2014,Female,ALL,39275,61389,64,17537,5409,4988,3510,3630,304,168,465,38500,45.6
SA,2015,Male,ALL,22703,62562,36.3,10410,4545,2953,1843,1069,232,116,372,22234,46.8
SA,2015,Female,ALL,39859,62562,63.7,16895,4810,4592,3948,3545,320,179,470,39075,43.2
SA,2016,Male,ALL,24270,66360,36.6,10003,4104,2652,1813,1434,245,122,404,23680,42.2
SA,2016,Female,ALL,42090,66360,63.4,16732,4530,4141,3845,4216,340,187,502,41169,40.6
SA,2017,Male,ALL,30417,80920,37.6,10651,3936,2942,1925,1848,267,139,429,29779,35.8
SA,2017,Female,ALL,50503,80920,62.4,16889,4027,4097,3596,5169,362,209,553,49532,34.1
SA,2018,Male,ALL,29528,78331,37.7,8964,3325,2521,1566,1552,264,138,425,28817,31.1
SA,2018,Female,ALL,48803,78331,62.3,14030,3215,3403,3073,4339,369,214,553,47648,29.4
SA,2019,Male,ALL,25015,62834,39.8,5544,2070,1506,1012,956,265,137,424,24274,22.8
SA,2019,Female,ALL,37819,62834,60.2,8413,1908,2059,1777,2669,371,216,567,36657,23
SA,2020,Male,ALL,19966,51338,38.9,3561,1357,944,624,636,265,136,426,19236,18.5
SA,2020,Female,ALL,31372,51338,61.1,5451,1246,1237,1182,1786,376,216,574,30265,18
SA,2021,Male,ALL,14097,37266,37.8,2453,978,640,419,416,255,121,428,13450,18.2
SA,2021,Female,ALL,23169,37266,62.2,3841,937,919,776,1209,359,204,553,22006,17.5
SA,2022,Male,ALL,9925,25090,39.6,2241,971,545,352,373,237,125,411,9113,24.6
SA,2022,Female,ALL,15165,25090,60.4,3194,843,730,622,999,355,200,562,13644,23.4
SA,2023,Male,ALL,4625,11177,41.4,1019,446,247,174,152,233,106,405,4271,23.9
SA,2023,Female,ALL,6552,11177,58.6,1413,388,337,289,399,340,184,529,6107,23.1
SA,2024,Male,ALL,138,371,37.2,*,*,*,*,*,*,*,*,79,*
SA,2024,Female,ALL,233,371,62.8,14,*,*,*,*,372,241,630,114,12.3
SA,2006,ALL,20-49,33087,36386,90.9,15077,9529,3530,1193,825,154,75,258,32168,46.9
SA,2006,ALL,50+,3299,36386,9.1,1447,891,357,124,75,157,85,270,3204,45.2
SA,2007,ALL,20-49,40601,44412,91.4,19818,11648,4744,1955,1471,168,84,288,39566,50.1
SA,2007,ALL,50+,3811,44412,8.6,1869,1109,473,170,117,169,90,272,3692,50.6
SA,2008,ALL,20-49,41921,46360,90.4,22243,12729,5721,2187,1606,174,86,290,40836,54.5
SA,2008,ALL,50+,4439,46360,9.6,2259,1307,610,210,132,172,86,280,4296,52.6
SA,2009,ALL,20-49,48698,53750,90.6,25204,14068,6450,2660,2026,178,90,302,47512,53
SA,2009,ALL,50+,5052,53750,9.4,2523,1428,699,231,165,176,102,280,4919,51.3
SA,2010,ALL,20-49,50219,55461,90.5,25926,13295,7042,3108,2481,195,102,327,49170,52.7
SA,2010,ALL,50+,5242,55461,9.5,2677,1440,745,271,221,186,102,300,5106,52.4
SA,2011,ALL,20-49,51522,57260,90,27526,12836,8338,3521,2831,215,113,339,50583,54.4
SA,2011,ALL,50+,5738,57260,10,3010,1482,988,291,249,204,110,313,5582,53.9
SA,2012,ALL,20-49,49420,54599,90.5,25553,10841,8487,3389,2836,233,125,347,48398,52.8
SA,2012,ALL,50+,5179,54599,9.5,2630,1175,919,290,246,221,117,329,5019,52.4
SA,2013,ALL,20-49,52137,57493,90.7,24941,9991,7740,3707,3503,250,130,378,50968,48.9
SA,2013,ALL,50+,5356,57493,9.3,2441,1099,772,301,269,224,120,342,5186,47.1
SA,2014,ALL,20-49,56106,61389,91.4,25947,9274,7453,4783,4437,274,145,428,54956,47.2
SA,2014,ALL,50+,5283,61389,8.6,2332,961,745,351,275,238,124,363,5152,45.3
SA,2015,ALL,20-49,57128,62562,91.3,24970,8417,6878,5345,4330,289,151,439,56007,44.6
SA,2015,ALL,50+,5434,62562,8.7,2335,938,667,446,284,250,130,391,5302,44
SA,2016,ALL,20-49,60270,66360,90.8,24312,7753,6164,5186,5209,306,159,471,58963,41.2
SA,2016,ALL,50+,6090,66360,9.2,2423,881,629,472,441,273,146,443,5886,41.2
SA,2017,ALL,20-49,73920,80920,91.3,25343,7220,6481,5135,6507,329,178,507,72521,34.9
SA,2017,ALL,50+,7000,80920,8.7,2197,743,558,386,510,291,151,480,6790,32.4
SA,2018,ALL,20-49,71802,78331,91.7,21130,5901,5432,4294,5503,328,183,510,70130,30.1
SA,2018,ALL,50+,6529,78331,8.3,1864,639,492,345,388,289,152,463,6335,29.4
SA,2019,ALL,20-49,57560,62834,91.6,12929,3576,3330,2612,3411,330,185,516,55863,23.1
SA,2019,ALL,50+,5274,62834,8.4,1028,402,235,177,214,273,127,462,5068,20.3
SA,2020,ALL,20-49,47209,51338,92,8358,2359,2010,1708,2281,336,181,523,45572,18.3
SA,2020,ALL,50+,4129,51338,8,654,244,171,98,141,260,148,456,3929,16.6
SA,2021,ALL,20-49,34041,37266,91.3,5778,1709,1437,1106,1526,321,170,511,32412,17.8
SA,2021,ALL,50+,3225,37266,8.7,516,206,122,89,99,259,114,454,3044,17
SA,2022,ALL,20-49,22395,25090,89.3,4950,1615,1164,905,1266,307,172,506,20362,24.3
SA,2022,ALL,50+,2695,25090,10.7,485,199,111,69,106,262,141,454,2395,20.3
SA,2023,ALL,20-49,9759,11177,87.3,2174,718,530,428,498,302,154,484,9066,24
SA,2023,ALL,50+,1418,11177,12.7,258,116,54,35,53,249,91,455,1312,19.7
SA,2024,ALL,20-49,334,371,90,18,*,*,*,*,354,283,526,173,10.4
SA,2024,ALL,50+,37,371,10,*,*,*,*,*,*,*,*,20,*
SA,ALL,Male,20-49,313772,943359,33.3,129813,64243,35234,17273,13063,203,99,340,304743,42.6
SA,ALL,Male,50+,42722,943359,4.5,16090,8238,4368,1950,1534,195,97,326,41091,39.2
SA,ALL,Female,20-49,544357,943359,57.7,212384,79238,57704,35953,39489,267,141,436,530483,40
SA,ALL,Female,50+,42508,943359,4.5,16859,7023,4979,2406,2451,238,132,382,41146,41
SA,2006,Male,20-49,11977,36386,32.9,5667,3782,1291,357,237,139,64,241,11567,49
SA,2006,Male,50+,1751,36386,4.8,759,486,186,52,35,146,75,258,1702,44.6
SA,2006,Female,20-49,21110,36386,58,9410,5747,2239,836,588,162,82,269,20601,45.7
SA,2006,Female,50+,1548,36386,4.3,688,405,171,72,40,172,98,283,1502,45.8
SA,2007,Male,20-49,14781,44412,33.3,7450,4739,1764,611,336,149,71,256,14271,52.2
SA,2007,Male,50+,1989,44412,4.5,962,601,231,81,49,151,81,260,1917,50.2
SA,2007,Female,20-49,25820,44412,58.1,12368,6909,2980,1344,1135,180,92,311,25295,48.9
SA,2007,Female,50+,1822,44412,4.1,907,508,242,89,68,182,100,285,1775,51.1
SA,2008,Male,20-49,15340,46360,33.1,8541,5374,2056,703,408,153,73,257,14841,57.6
SA,2008,Male,50+,2281,46360,4.9,1138,696,286,96,60,160,78,265,2186,52.1
SA,2008,Female,20-49,26581,46360,57.3,13702,7355,3665,1484,1198,187,94,311,25995,52.7
SA,2008,Female,50+,2158,46360,4.7,1121,611,324,114,72,185,95,294,2110,53.1
SA,2009,Male,20-49,17911,53750,33.3,9739,6070,2329,811,529,154,74,264,17411,55.9
SA,2009,Male,50+,2579,53750,4.8,1217,740,312,102,63,158,88,266,2496,48.8
SA,2009,Female,20-49,30787,53750,57.3,15465,7998,4121,1849,1497,193,102,325,30101,51.4
SA,2009,Female,50+,2473,53750,4.6,1306,688,387,129,102,190,117,298,2423,53.9
SA,2010,Male,20-49,18400,55461,33.2,9958,5723,2606,1000,629,172,87,287,17921,55.6
SA,2010,Male,50+,2581,55461,4.7,1267,728,336,125,78,174,88,284,2497,50.7
SA,2010,Female,20-49,31819,55461,57.4,15968,7572,4436,2108,1852,213,112,349,31249,51.1
SA,2010,Female,50+,2661,55461,4.8,1410,712,409,146,143,198,116,313,2609,54
SA,2011,Male,20-49,18756,57260,32.8,10439,5552,3013,1141,733,188,94,305,18323,57
SA,2011,Male,50+,2825,57260,4.9,1464,778,438,145,103,186,92,301,2738,53.5
SA,2011,Female,20-49,32766,57260,57.2,17087,7284,5325,2380,2098,232,128,359,32260,53
SA,2011,Female,50+,2913,57260,5.1,1546,704,550,146,146,216,135,323,2844,54.4
SA,2012,Male,20-49,18357,54599,33.6,9951,4885,3083,1169,814,205,102,321,17955,55.4
SA,2012,Male,50+,2599,54599,4.8,1264,644,395,131,94,196,97,309,2512,50.3
SA,2012,Female,20-49,31063,54599,56.9,15602,5956,5404,2220,2022,250,142,364,30443,51.2
SA,2012,Female,50+,2580,54599,4.7,1366,531,524,159,152,240,138,341,2507,54.5
SA,2013,Male,20-49,18855,57493,32.8,9325,4543,2776,1206,800,206,103,329,18355,50.8
SA,2013,Male,50+,2714,57493,4.7,1169,581,337,140,111,203,106,331,2601,44.9
SA,2013,Female,20-49,33282,57493,57.9,15616,5448,4964,2501,2703,272,151,414,32613,47.9
SA,2013,Female,50+,2642,57493,4.6,1272,518,435,161,158,246,137,351,2585,49.2
SA,2014,Male,20-49,19429,61389,31.6,9579,4308,2834,1461,976,224,114,354,18995,50.4
SA,2014,Male,50+,2685,61389,4.4,1163,518,376,163,106,223,113,339,2613,44.5
SA,2014,Female,20-49,36677,61389,59.7,16368,4966,4619,3322,3461,308,171,470,35961,45.5
SA,2014,Female,50+,2598,61389,4.2,1169,443,369,188,169,253,141,393,2539,46
SA,2015,Male,20-49,20044,62562,32,9294,4034,2652,1647,961,233,118,372,19646,47.3
SA,2015,Male,50+,2659,62562,4.3,1116,511,301,196,108,224,109,366,2588,43.1
SA,2015,Female,20-49,37084,62562,59.3,15676,4383,4226,3698,3369,323,182,474,36361,43.1
SA,2015,Female,50+,2775,62562,4.4,1219,427,366,250,176,270,152,412,2714,44.9
SA,2016,Male,20-49,21294,66360,32.1,8914,3629,2385,1629,1271,247,122,403,20813,42.8
SA,2016,Male,50+,2976,66360,4.5,1089,475,267,184,163,234,117,406,2867,38
SA,2016,Female,20-49,38976,66360,58.7,15398,4124,3779,3557,3938,343,189,506,38150,40.4
SA,2016,Female,50+,3114,66360,4.7,1334,406,362,288,278,310,167,468,3019,44.2
SA,2017,Male,20-49,26990,80920,33.4,9612,3522,2677,1760,1653,269,139,428,26466,36.3
SA,2017,Male,50+,3427,80920,4.2,1039,414,265,165,195,253,129,438,3313,31.4
SA,2017,Female,20-49,46930,80920,58,15731,3698,3804,3375,4854,365,212,556,46055,34.2
SA,2017,Female,50+,3573,80920,4.4,1158,329,293,221,315,328,179,526,3477,33.3
SA,2018,Male,20-49,26404,78331,33.7,8088,2970,2272,1425,1421,267,139,427,25786,31.4
SA,2018,Male,50+,3124,78331,4,876,355,249,141,131,239,130,409,3031,28.9
SA,2018,Female,20-49,45398,78331,58,13042,2931,3160,2869,4082,372,216,556,44344,29.4
SA,2018,Female,50+,3405,78331,4.3,988,284,243,204,257,328,176,508,3304,29.9
SA,2019,Male,20-49,22350,62834,35.6,5036,1835,1375,935,891,269,141,430,21716,23.2
SA,2019,Male,50+,2665,62834,4.2,508,235,131,77,65,230,98,366,2558,19.9
SA,2019,Female,20-49,35210,62834,56,7893,1741,1955,1677,2520,373,220,570,34147,23.1
SA,2019,Female,50+,2609,62834,4.2,520,167,104,100,149,334,146,536,2510,20.7
SA,2020,Male,20-49,17860,51338,34.8,3208,1207,848,580,573,269,136,427,17229,18.6
SA,2020,Male,50+,2106,51338,4.1,353,150,96,44,63,233,134,405,2007,17.6
SA,2020,Female,20-49,29349,51338,57.2,5150,1152,1162,1128,1708,380,220,575,28343,18.2
SA,2020,Female,50+,2023,51338,3.9,301,94,75,54,78,302,170,509,1922,15.7
SA,2021,Male,20-49,12508,37266,33.6,2179,847,575,378,379,259,128,429,11955,18.2
SA,2021,Male,50+,1589,37266,4.3,274,131,65,41,37,219,90,398,1495,18.3
SA,2021,Female,20-49,21533,37266,57.8,3599,862,862,728,1147,361,208,556,20457,17.6
SA,2021,Female,50+,1636,37266,4.4,242,75,57,48,62,304,174,506,1549,15.6
SA,2022,Male,20-49,8484,25090,33.8,1956,850,478,306,322,234,125,409,7810,25
SA,2022,Male,50+,1441,25090,5.7,285,121,67,46,51,261,131,430,1303,21.9
SA,2022,Female,20-49,13911,25090,55.4,2994,765,686,599,944,360,200,570,12552,23.9
SA,2022,Female,50+,1254,25090,5,200,78,44,23,55,272,153,517,1092,18.3
SA,2023,Male,20-49,3909,11177,35,872,372,217,153,130,240,114,406,3612,24.1
SA,2023,Male,50+,716,11177,6.4,147,74,30,21,22,200,66,399,659,22.3
SA,2023,Female,20-49,5850,11177,52.3,1302,346,313,275,368,346,192,528,5454,23.9
SA,2023,Female,50+,702,11177,6.3,111,42,24,14,31,259,108,534,653,17
SA,2024,Male,20-49,123,371,33.2,*,*,*,*,*,*,*,*,71,*
SA,2024,Male,50+,15,371,4,0,,,,,,,,*,*
SA,2024,Female,20-49,211,371,56.9,13,*,*,*,*,380,309,660,102,12.7
SA,2024,Female,50+,22,371,5.9,*,*,*,*,*,*,*,*,12,*
WA,ALL,ALL,ALL,42369,42369,100,33491,17126,8532,4221,3612,195,88,338,41783,80.2
WA,2006,ALL,ALL,3567,3567,100,2926,1781,660,253,232,162,76,287,3538,82.7
WA,2007,ALL,ALL,3904,3904,100,3249,1933,774,306,236,161,76,284,3860,84.2
WA,2008,ALL,ALL,4063,4063,100,3464,1861,918,391,294,184,89,308,4014,86.3
WA,2009,ALL,ALL,4034,4034,100,3577,1795,968,452,362,200,96,332,3971,90.1
WA,2010,ALL,ALL,3612,3612,100,3149,1674,812,384,279,186,86,320,3567,88.3
WA,2011,ALL,ALL,3196,3196,100,2913,1476,826,346,265,198,94,325,3133,93
WA,2012,ALL,ALL,3030,3030,100,2766,1297,733,400,336,213,93,359,2982,92.8
WA,2013,ALL,ALL,3001,3001,100,2851,1410,781,389,271,202,88,340,2950,96.6
WA,2014,ALL,ALL,2274,2274,100,2096,1047,540,283,226,201,81,342,2240,93.6
WA,2015,ALL,ALL,1816,1816,100,1587,750,391,247,199,216,87,371,1778,89.3
WA,2016,ALL,ALL,1548,1548,100,1302,592,312,197,201,228,100,391,1529,85.2
WA,2017,ALL,ALL,1207,1207,100,938,406,230,158,144,234,100,404,1193,78.6
WA,2018,ALL,ALL,1079,1079,100,730,339,149,108,134,226,84,414,1060,68.9
WA,2019,ALL,ALL,1204,1204,100,709,300,169,93,147,255,107,446,1190,59.6
WA,2020,ALL,ALL,1823,1823,100,428,162,98,72,96,264,118,460,1815,23.6
WA,2021,ALL,ALL,1467,1467,100,310,108,72,56,74,281,132,487,1455,21.3
WA,2022,ALL,ALL,1073,1073,100,298,107,48,61,82,326,120,520,1061,28.1
WA,2023,ALL,ALL,465,465,100,197,87,51,25,34,236,106,401,441,44.7
WA,2024,ALL,ALL,*,*,*,*,*,*,*,*,*,*,*,*,*
WA,ALL,Male,ALL,15331,42369,36.2,11273,6404,2678,1264,927,169,68,307,15076,74.8
WA,ALL,Female,ALL,27038,42369,63.8,22218,10722,5854,2957,2685,208,100,354,26707,83.2
WA,ALL,ALL,20-49,37289,42369,88,29549,15106,7521,3719,3203,195,87,338,36812,80.3
WA,ALL,ALL,50+,5080,42369,12,3942,2020,1011,502,409,192,92,338,4971,79.3
WA,2006,Male,ALL,1229,3567,34.5,1001,684,199,73,45,137,61,242,1219,82.1
WA,2006,Female,ALL,2338,3567,65.5,1925,1097,461,180,187,178,87,306,2319,83
WA,2007,Male,ALL,1307,3904,33.5,1048,688,224,81,55,138,60,249,1282,81.7
WA,2007,Female,ALL,2597,3904,66.5,2201,1245,550,225,181,173,86,295,2578,85.4
WA,2008,Male,ALL,1334,4063,32.8,1126,673,267,113,73,160,66,280,1315,85.6
WA,2008,Female,ALL,2729,4063,67.2,2338,1188,651,278,221,198,98,321,2699,86.6
WA,2009,Male,ALL,1322,4034,32.8,1168,659,296,135,78,176,72,302,1294,90.3
WA,2009,Female,ALL,2712,4034,67.2,2409,1136,672,317,284,211,107,350,2677,90
WA,2010,Male,ALL,1190,3612,32.9,1029,610,242,112,65,168,67,288,1168,88.1
WA,2010,Female,ALL,2422,3612,67.1,2120,1064,570,272,214,200,94,335,2399,88.4
WA,2011,Male,ALL,1069,3196,33.4,966,527,270,107,62,182,72,299,1040,92.9
WA,2011,Female,ALL,2127,3196,66.6,1947,949,556,239,203,207,104,336,2093,93
WA,2012,Male,ALL,969,3030,32,874,472,203,127,72,178,66,331,953,91.7
WA,2012,Female,ALL,2061,3030,68,1892,825,530,273,264,230,107,373,2029,93.2
WA,2013,Male,ALL,1018,3001,33.9,962,536,261,97,68,169,69,302,998,96.4
WA,2013,Female,ALL,1983,3001,66.1,1889,874,520,292,203,215,105,360,1952,96.8
WA,2014,Male,ALL,804,2274,35.4,739,407,179,88,65,169,67,303,787,93.9
WA,2014,Female,ALL,1470,2274,64.6,1357,640,361,195,161,217,89,361,1453,93.4
WA,2015,Male,ALL,638,1816,35.1,545,300,119,71,55,175,54,342,625,87.2
WA,2015,Female,ALL,1178,1816,64.9,1042,450,272,176,144,236,106,388,1153,90.4
WA,2016,Male,ALL,554,1548,35.8,460,237,99,60,64,189,72,371,546,84.2
WA,2016,Female,ALL,994,1548,64.2,842,355,213,137,137,248,122,398,983,85.7
WA,2017,Male,ALL,448,1207,37.1,349,162,91,53,43,224,77,377,441,79.1
WA,2017,Female,ALL,759,1207,62.9,589,244,139,105,101,247,115,418,752,78.3
WA,2018,Male,ALL,409,1079,37.9,278,130,61,40,47,221,92,404,397,70
WA,2018,Female,ALL,670,1079,62.1,452,209,88,68,87,228,81,439,663,68.2
WA,2019,Male,ALL,442,1204,36.7,248,114,59,29,46,230,101,392,436,56.9
WA,2019,Female,ALL,762,1204,63.3,461,186,110,64,101,267,109,469,754,61.1
WA,2020,Male,ALL,951,1823,52.2,167,75,39,29,24,226,77,397,951,17.6
WA,2020,Female,ALL,872,1823,47.8,261,87,59,43,72,298,146,524,864,30.2
WA,2021,Male,ALL,860,1467,58.6,119,48,29,23,19,245,116,434,853,14
WA,2021,Female,ALL,607,1467,41.4,191,60,43,33,55,300,142,528,602,31.7
WA,2022,Male,ALL,568,1073,52.9,124,51,23,18,32,278,96,511,562,22.1
WA,2022,Female,ALL,505,1073,47.1,174,56,25,43,50,365,138,554,499,34.9
WA,2023,Male,ALL,215,465,46.2,69,30,17,*,14,275,84,451,205,33.7
WA,2023,Female,ALL,250,465,53.8,128,57,34,17,20,232,115,395,236,54.2
WA,2024,Male,ALL,*,*,*,*,*,*,*,*,*,*,*,*,*
WA,2024,Female,ALL,*,*,*,0,,,,,,,,*,*
WA,2006,ALL,20-49,3251,3567,91.1,2676,1617,613,226,220,163,78,288,3226,83
WA,2006,ALL,50+,316,3567,8.9,250,164,47,27,12,152,66,283,312,80.1
WA,2007,ALL,20-49,3545,3904,90.8,2966,1768,711,274,213,161,74,284,3510,84.5
WA,2007,ALL,50+,359,3904,9.2,283,165,63,32,23,166,92,294,350,80.9
WA,2008,ALL,20-49,3678,4063,90.5,3145,1676,829,367,273,186,88,311,3640,86.4
WA,2008,ALL,50+,385,4063,9.5,319,185,89,24,21,167,92,274,374,85.3
WA,2009,ALL,20-49,3635,4034,90.1,3231,1607,867,416,341,202,98,336,3581,90.2
WA,2009,ALL,50+,399,4034,9.9,346,188,101,36,21,186,78,306,390,88.7
WA,2010,ALL,20-49,3223,3612,89.2,2814,1500,718,342,254,186,86,321,3184,88.4
WA,2010,ALL,50+,389,3612,10.8,335,174,94,42,25,187,90,314,383,87.5
WA,2011,ALL,20-49,2866,3196,89.7,2620,1330,733,316,241,197,92,326,2815,93.1
WA,2011,ALL,50+,330,3196,10.3,293,146,93,30,24,201,100,314,318,92.1
WA,2012,ALL,20-49,2696,3030,89,2467,1140,650,364,313,216,95,364,2653,93
WA,2012,ALL,50+,334,3030,11,299,157,83,36,23,189,82,320,329,90.9
WA,2013,ALL,20-49,2656,3001,88.5,2522,1247,696,349,230,202,87,339,2615,96.4
WA,2013,ALL,50+,345,3001,11.5,329,163,85,40,41,202,102,344,335,98.2
WA,2014,ALL,20-49,1983,2274,87.2,1827,916,469,247,195,200,80,342,1954,93.5
WA,2014,ALL,50+,291,2274,12.8,269,131,71,36,31,207,93,349,286,94.1
WA,2015,ALL,20-49,1504,1816,82.8,1307,614,323,192,178,220,84,372,1474,88.7
WA,2015,ALL,50+,312,1816,17.2,280,136,68,55,21,208,97,364,304,92.1
WA,2016,ALL,20-49,1276,1548,82.4,1067,487,257,159,164,228,102,387,1259,84.7
WA,2016,ALL,50+,272,1548,17.6,235,105,55,38,37,230,96,406,270,87
WA,2017,ALL,20-49,998,1207,82.7,782,333,193,137,119,238,102,401,987,79.2
WA,2017,ALL,50+,209,1207,17.3,156,73,37,21,25,219,89,412,206,75.7
WA,2018,ALL,20-49,874,1079,81,589,272,112,91,114,230,77,431,858,68.6
WA,2018,ALL,50+,205,1079,19,141,67,37,17,20,219,112,374,202,69.8
WA,2019,ALL,20-49,984,1204,81.7,566,238,137,75,116,258,102,433,979,57.8
WA,2019,ALL,50+,220,1204,18.3,143,62,32,18,31,237,114,452,211,67.8
WA,2020,ALL,20-49,1558,1823,85.5,336,125,78,57,76,270,120,460,1553,21.6
WA,2020,ALL,50+,265,1823,14.5,92,37,20,15,20,256,106,459,262,35.1
WA,2021,ALL,20-49,1279,1467,87.2,250,84,56,46,64,288,134,510,1270,19.7
WA,2021,ALL,50+,188,1467,12.8,60,24,16,*,*,238,122,383,185,32.4
WA,2022,ALL,20-49,901,1073,84,225,83,39,43,60,310,120,518,891,25.3
WA,2022,ALL,50+,172,1073,16,73,24,*,18,22,385,120,554,170,42.9
WA,2023,ALL,20-49,378,465,81.3,158,68,40,18,32,250,114,441,359,44
WA,2023,ALL,50+,87,465,18.7,39,19,11,*,*,201,74,333,82,47.6
WA,2024,ALL,20-49,*,*,*,*,*,*,*,*,*,*,*,*,*
WA,2024,ALL,50+,*,*,*,0,,,,,,,,*,*
WA,ALL,Male,20-49,12719,42369,30,9249,5250,2217,1035,747,169,66,305,12531,73.8
WA,ALL,Male,50+,2612,42369,6.2,2024,1154,461,229,180,166,73,315,2545,79.5
WA,ALL,Female,20-49,24570,42369,58,20300,9856,5304,2684,2456,207,98,353,24281,83.6
WA,ALL,Female,50+,2468,42369,5.8,1918,866,550,273,229,220,115,360,2426,79.1
WA,2006,Male,20-49,1054,3567,29.5,860,581,177,64,38,139,62,245,1048,82.1
WA,2006,Male,50+,175,3567,4.9,141,103,22,*,*,126,57,224,171,82.5
WA,2006,Female,20-49,2197,3567,61.6,1816,1036,436,162,182,176,87,304,2178,83.4
WA,2006,Female,50+,141,3567,4,109,61,25,18,*,187,97,336,141,77.3
WA,2007,Male,20-49,1118,3904,28.6,909,599,198,69,43,136,56,246,1101,82.6
WA,2007,Male,50+,189,3904,4.8,139,89,26,12,12,150,89,268,181,76.8
WA,2007,Female,20-49,2427,3904,62.2,2057,1169,513,205,170,172,86,295,2409,85.4
WA,2007,Female,50+,170,3904,4.4,144,76,37,20,11,184,99,326,169,85.2
WA,2008,Male,20-49,1132,4063,27.9,964,569,228,100,67,164,66,287,1121,86
WA,2008,Male,50+,202,4063,5,162,104,39,13,*,136,68,256,194,83.5
WA,2008,Female,20-49,2546,4063,62.7,2181,1107,601,267,206,198,97,323,2519,86.6
WA,2008,Female,50+,183,4063,4.5,157,81,50,11,15,196,115,301,180,87.2
WA,2009,Male,20-49,1103,4034,27.3,980,551,246,116,67,180,74,300,1081,90.7
WA,2009,Male,50+,219,4034,5.4,188,108,50,19,11,155,62,307,213,88.3
WA,2009,Female,20-49,2532,4034,62.8,2251,1056,621,300,274,211,105,354,2500,90
WA,2009,Female,50+,180,4034,4.5,158,80,51,17,*,198,121,303,177,89.3
WA,2010,Male,20-49,973,3612,26.9,845,503,201,88,53,166,67,285,954,88.6
WA,2010,Male,50+,217,3612,6,184,107,41,24,12,172,75,308,214,86
WA,2010,Female,20-49,2250,3612,62.3,1969,997,517,254,201,197,94,336,2230,88.3
WA,2010,Female,50+,172,3612,4.8,151,67,53,18,13,222,105,321,169,89.3
WA,2011,Male,20-49,888,3196,27.8,807,448,219,89,51,179,71,293,867,93.1
WA,2011,Male,50+,181,3196,5.7,159,79,51,18,11,203,88,314,173,91.9
WA,2011,Female,20-49,1978,3196,61.9,1813,882,514,227,190,207,103,338,1948,93.1
WA,2011,Female,50+,149,3196,4.7,134,67,42,12,13,200,125,314,145,92.4
WA,2012,Male,20-49,809,3030,26.7,735,384,175,112,64,189,68,338,797,92.2
WA,2012,Male,50+,160,3030,5.3,139,88,28,15,*,141,49,283,156,89.1
WA,2012,Female,20-49,1887,3030,62.3,1732,756,475,252,249,229,106,378,1856,93.3
WA,2012,Female,50+,174,3030,5.7,160,69,55,21,15,232,136,328,173,92.5
WA,2013,Male,20-49,842,3001,28.1,792,433,224,85,50,170,68,303,825,96
WA,2013,Male,50+,176,3001,5.9,170,103,37,12,18,158,71,290,173,98.3
WA,2013,Female,20-49,1814,3001,60.4,1730,814,472,264,180,212,101,356,1790,96.6
WA,2013,Female,50+,169,3001,5.6,159,60,48,28,23,258,140,390,162,98.1
WA,2014,Male,20-49,652,2274,28.7,602,335,144,72,51,167,68,300,639,94.2
WA,2014,Male,50+,152,2274,6.7,137,72,35,16,14,178,66,322,148,92.6
WA,2014,Female,20-49,1331,2274,58.5,1225,581,325,175,144,217,86,358,1315,93.2
WA,2014,Female,50+,139,2274,6.1,132,59,36,20,17,224,108,378,138,95.7
WA,2015,Male,20-49,473,1816,26,403,221,86,51,45,176,50,344,464,86.9
WA,2015,Male,50+,165,1816,9.1,142,79,33,20,*,166,70,327,161,88.2
WA,2015,Female,20-49,1031,1816,56.8,904,393,237,141,133,236,102,387,1010,89.5
WA,2015,Female,50+,147,1816,8.1,138,57,35,35,11,234,134,407,143,96.5
WA,2016,Male,20-49,423,1548,27.3,345,176,76,43,50,197,72,373,416,82.9
WA,2016,Male,50+,131,1548,8.5,115,61,23,17,14,181,72,367,130,88.5
WA,2016,Female,20-49,853,1548,55.1,722,311,181,116,114,243,121,394,843,85.6
WA,2016,Female,50+,141,1548,9.1,120,44,32,21,23,269,123,442,140,85.7
WA,2017,Male,20-49,351,1207,29.1,270,123,69,45,33,228,82,380,346,78
WA,2017,Male,50+,97,1207,8,79,39,22,*,*,201,70,333,95,83.2
WA,2017,Female,20-49,647,1207,53.6,512,210,124,92,86,248,112,416,641,79.9
WA,2017,Female,50+,112,1207,9.3,77,34,15,13,15,246,118,420,111,69.4
WA,2018,Male,20-49,309,1079,28.6,203,92,41,28,42,238,83,424,299,67.9
WA,2018,Male,50+,100,1079,9.3,75,38,20,12,*,194,109,336,98,76.5
WA,2018,Female,20-49,565,1079,52.4,386,180,71,63,72,228,76,437,559,69.1
WA,2018,Female,50+,105,1079,9.7,66,29,17,*,15,231,120,473,104,63.5
WA,2019,Male,20-49,333,1204,27.7,179,84,45,21,29,226,80,380,330,54.2
WA,2019,Male,50+,109,1204,9.1,69,30,14,*,17,230,139,486,106,65.1
WA,2019,Female,20-49,651,1204,54.1,387,154,92,54,87,273,109,472,649,59.6
WA,2019,Female,50+,111,1204,9.2,74,32,18,*,14,246,106,448,105,70.5
WA,2020,Male,20-49,821,1823,45,123,56,32,19,16,222,74,368,821,15
WA,2020,Male,50+,130,1823,7.1,44,19,*,*,*,234,93,451,130,33.8
WA,2020,Female,20-49,737,1823,40.4,213,69,46,38,60,302,152,524,732,29.1
WA,2020,Female,50+,135,1823,7.4,48,18,13,*,12,278,133,525,132,36.4
WA,2021,Male,20-49,776,1467,52.9,93,37,22,18,16,247,115,443,770,12.1
WA,2021,Male,50+,84,1467,5.7,26,11,*,*,*,234,128,385,83,31.3
WA,2021,Female,20-49,503,1467,34.3,157,47,34,28,48,339,143,540,500,31.4
WA,2021,Female,50+,104,1467,7.1,34,13,*,*,*,260,112,370,102,33.3
WA,2022,Male,20-49,487,1073,45.4,87,37,20,11,19,263,104,446,483,18
WA,2022,Male,50+,81,1073,7.5,37,14,*,*,13,406,89,707,79,46.8
WA,2022,Female,20-49,414,1073,38.6,138,46,19,32,41,362,135,574,408,33.8
WA,2022,Female,50+,91,1073,8.5,36,*,*,11,*,376,195,499,91,39.6
WA,2023,Male,20-49,171,465,36.8,51,20,14,*,13,290,104,500,165,30.9
WA,2023,Male,50+,44,465,9.5,18,*,*,*,*,112,78,376,40,45
WA,2023,Female,20-49,207,465,44.5,107,48,26,14,19,243,118,405,194,55.2
WA,2023,Female,50+,43,465,9.2,21,*,*,*,*,209,73,298,42,50
WA,2024,Male,20-49,*,*,*,*,*,*,*,*,*,*,*,*,*
WA,2024,Male,50+,0,*,*,0,,,,,,,,0,
WA,2024,Female,20-49,0,*,*,0,,,,,,,,0,
WA,2024,Female,50+,*,*,*,0,,,,,,,,*,*
